-- phpMyAdmin SQL Dump
-- version 4.9.4
-- https://www.phpmyadmin.net/
--
-- Host: localhost:3306
-- Creato il: Mag 31, 2020 alle 23:57
-- Versione del server: 10.1.44-MariaDB-cll-lve
-- Versione PHP: 7.3.6

SET SQL_MODE = "NO_AUTO_VALUE_ON_ZERO";
SET AUTOCOMMIT = 0;
START TRANSACTION;
SET time_zone = "+00:00";


/*!40101 SET @OLD_CHARACTER_SET_CLIENT=@@CHARACTER_SET_CLIENT */;
/*!40101 SET @OLD_CHARACTER_SET_RESULTS=@@CHARACTER_SET_RESULTS */;
/*!40101 SET @OLD_COLLATION_CONNECTION=@@COLLATION_CONNECTION */;
/*!40101 SET NAMES utf8mb4 */;

--
-- Database: `ejbygfzs_botCovid19`
--

-- --------------------------------------------------------

--
-- Struttura della tabella `Continente`
--

CREATE TABLE `Continente` (
  `nomeContinente` varchar(50) NOT NULL
) ENGINE=InnoDB DEFAULT CHARSET=utf8;

--
-- Dump dei dati per la tabella `Continente`
--

INSERT INTO `Continente` (`nomeContinente`) VALUES
('Africa'),
('America Nord'),
('America Sud'),
('Asia'),
('Europa'),
('Oceania');

-- --------------------------------------------------------

--
-- Struttura della tabella `Nazione`
--

CREATE TABLE `Nazione` (
  `nomeNazione` varchar(50) NOT NULL,
  `bandiera` blob,
  `nomeContinente` varchar(50) NOT NULL
) ENGINE=InnoDB DEFAULT CHARSET=utf8;

--
-- Dump dei dati per la tabella `Nazione`
--

INSERT INTO `Nazione` (`nomeNazione`, `bandiera`, `nomeContinente`) VALUES
('Afghanistan', NULL, 'Asia'),
('Albania', NULL, 'Europa'),
('Algeria', NULL, 'Africa'),
('Andorra', NULL, 'Europa'),
('Angola', NULL, 'Africa'),
('Anguilla', NULL, 'America Nord'),
('Antigua and Barbuda', NULL, 'America Nord'),
('Argentina', NULL, 'America Sud'),
('Armenia', NULL, 'Asia'),
('Aruba', NULL, 'America Nord'),
('Australia', NULL, 'Oceania'),
('Austria', NULL, 'Europa'),
('Azerbaijan', NULL, 'Asia'),
('Bahamas', NULL, 'America Nord'),
('Bahrain', NULL, 'Asia'),
('Bangladesh', NULL, 'Asia'),
('Barbados', NULL, 'America Nord'),
('Belarus', NULL, 'Europa'),
('Belgium', NULL, 'Europa'),
('Belize', NULL, 'America Nord'),
('Benin', NULL, 'Africa'),
('Bermuda', NULL, 'America Nord'),
('Bhutan', NULL, 'Asia'),
('Bolivia', NULL, 'America Sud'),
('Bosnia and Herzegovina', NULL, 'Europa'),
('Botswana ', NULL, 'Africa'),
('Brazil', NULL, 'America Sud'),
('British Virgin Islands', NULL, 'America Nord'),
('Brunei', NULL, 'Asia'),
('Bulgaria', NULL, 'Europa'),
('Burkina Faso', NULL, 'Africa'),
('Burundi', NULL, 'Africa'),
('Cabo Verde', NULL, 'Africa'),
('Cambodia', NULL, 'Asia'),
('Cameroon', NULL, 'Africa'),
('Canada', NULL, 'America Nord'),
('CAR', NULL, 'Africa'),
('Caribbean Netherlands', NULL, 'America Nord'),
('Cayman Islands', NULL, 'America Nord'),
('Chad', NULL, 'Africa'),
('Channel Islands', NULL, 'Europa'),
('Chile', NULL, 'America Sud'),
('China', NULL, 'Asia'),
('Colombia', NULL, 'America Sud'),
('Comoros', NULL, 'Africa'),
('Congo', NULL, 'Africa'),
('Costa Rica', NULL, 'America Nord'),
('Croatia', NULL, 'Europa'),
('Cuba', NULL, 'America Nord'),
('Cura&#199;ao', NULL, 'America Nord'),
('Cyprus', NULL, 'Asia'),
('Czechia', NULL, 'Europa'),
('Denmark', NULL, 'Europa'),
('Djibouti', NULL, 'Africa'),
('Dominica', NULL, 'America Nord'),
('Dominican Republic', NULL, 'America Nord'),
('DRC', NULL, 'Africa'),
('Ecuador', NULL, 'America Sud'),
('Egypt', NULL, 'Africa'),
('El Salvador', NULL, 'America Nord'),
('Equatorial Guinea', NULL, 'Africa'),
('Eritrea', NULL, 'Africa'),
('Estonia', NULL, 'Europa'),
('Eswatini', NULL, 'Africa'),
('Ethiopia', NULL, 'Africa'),
('Faeroe Islands', NULL, 'Europa'),
('Falkland Islands', NULL, 'America Sud'),
('Fiji', NULL, 'Oceania'),
('Finland', NULL, 'Europa'),
('France', NULL, 'Europa'),
('French Guiana', NULL, 'America Sud'),
('French Polynesia', NULL, 'Oceania'),
('Gabon', NULL, 'Africa'),
('Gambia', NULL, 'Africa'),
('Georgia', NULL, 'Asia'),
('Germany', NULL, 'Europa'),
('Ghana', NULL, 'Africa'),
('Gibraltar', NULL, 'Europa'),
('Greece', NULL, 'Europa'),
('Greenland', NULL, 'America Nord'),
('Grenada', NULL, 'America Nord'),
('Guadeloupe', NULL, 'America Nord'),
('Guatemala', NULL, 'America Nord'),
('Guinea', NULL, 'Africa'),
('Guinea-Bissau', NULL, 'Africa'),
('Guyana', NULL, 'America Sud'),
('Haiti', NULL, 'America Nord'),
('Honduras', NULL, 'America Nord'),
('Hong Kong', NULL, 'Asia'),
('Hungary', NULL, 'Europa'),
('Iceland', NULL, 'Europa'),
('India', NULL, 'Asia'),
('Indonesia', NULL, 'Asia'),
('Iran', NULL, 'Asia'),
('Iraq', NULL, 'Asia'),
('Ireland', NULL, 'Europa'),
('Isle of Man', NULL, 'Europa'),
('Israel', NULL, 'Asia');
INSERT INTO `Nazione` (`nomeNazione`, `bandiera`, `nomeContinente`) VALUES
('Italy', 0xffd8ffe000104a46494600010100000100010000ffdb00840009090a080a080b0b090b0a0b0b0b0e100c0a0b0d13171510140f1612120e16120f140f0f1412141813161419201a1e19182b211c24131c1d3222332a3725223001060b0a0b0d0e0b0c0c0e0e0c0d100e1d140d0c221415170e1e08170c10161011170b1013140b1119111e09190c0822181d140f1d100d0c0f16100b1415231618ffc2001108034c05dc03012200021101031101ffc4001c0000020301010101000000000000000000020300010405060708ffda0008010100000000f170ace5d2519d09580c846c635cf6b0c4575543772e52f3634c4c2737469d7a9b748c9997ec3d04b635db77687b754876b4d0a68202b366cf8b0e3c6808cbb36b753f531cd935ead7af6ec6a5601f1ef1e325411955528446a8654a9214bbbbb2322222bbbb9528441690005888db3d15914296009ce85aae42635cf6b2a52c2a0d5dc394219f1a69544d768d3ab538a938f327d8f7ee1bdbaf5ebd3a1c4c94314952ea833e7c993162cb9952d929cc6e87e8d2d654d1a366ed9b9a295abe41e36a4aaaa0aa92a84641a924972e5959911d9594b906a800160b1115d54633bb2ca15dc8b5a16ba846c7b192961430464b36494b5233229226c768d5ab4682a5e5c8af5fdd286c73f66fd0ed0c65d00a012214bcd9b2e2c591085c392dacd07a35e8619423dbbf6eed2284afe4de246a54aa1a92a4aaaaaa92e4852111159b25c9241101580008840196cd5a36c850ae15d52c06e159b20080554a192dac2a115273e74c5846bb46ad5a741c5a32e6f65da90cdba346fd6fd2ebb81485a96039939b1e4c7954a18750985a1aed6f65994bd1bfa1bb450a73fcb3c384190654192492a554924297644476452a48222b00100a1aaa1a26ea3cbd8b8572595dd54a977240550d5550dd9358ca5ad494a52bb1546b9da366b7b20232e7f71d50864d6e8ddb35697d945ad40a50a732b363c7950a5d59ca86d7e86bdb7670d8ed9d0e8ba0674fcc3c30d0c83525492e4924924852ec888ae490684554002141506486fd4ac197d55cb90aeeee492e401101a821251b18d28b4a129582d451718d73f56cd2d809cd97de74d7219bb4edd9b74bcac40500950674e7cb9f26542d70caa1139ccd2d3b9235c7ab76fd56a427e6fe0eaaaa0d4950a49772e4925ddd95dddcaa822b105d0500d5554b36e93cb8332fd9c924bb852149740202325084bb735874a4e64a56020b335436b9fa76697ca4e7cbeeba612113dda77edd5aaec2852a42d484e5cd9b3e5ce036cbbb2226b35325cb946cdbbb7693502be73e0aaaa50c924b977725dcb90a5dddd4ba111000110a11aaa9444ed079f16540dfb3924925cbb920d0850ca9046cd8e61c5e6ce84280460c6809b5ced3b753ae066c7f43d025247bf56cd9b5ec282b42d0b5a1193366cd992346c2b92d86f69c9752e1eadbbb5dd2c3e7be0aa55554b92e5c9772e5ddc2852a54800b0110a1aaa1a964c7baf3e4c99c231deaaa49524925c11a11aab943444e6b4a8119f3a12a1a9551c2b36b5fa766a71582327d41615259bb66ddbaf4b0e02920852f3e7cb9b2e45282dcd8370d8c6115d5059dd9eaddbdb043c17cfe49525c9521497772e15d5c928404002aaa554aa9646c69867c7952ba27e86f764a952495250888d51c8121b5cd2b14e6ce8425724834eb08d6e8d3ab5682b1564fad63cf52ad8cd3b776bd8cb2052692acf9b2a71e5c80a8d7320dc2634aca50542b0ad3bf7e8381e0fc0d4b95249772eee4bb972ea0002d7506e5dcbb9644447619f3e5cea5d46bdc67da92aa492a86a00c1924aa86e735922119939d4a1920c163045ad7e9d3af49c8bc7f60e76601bb26bb4efdfb1e76ba4a9484e6cb97266cc85b1ee2925931ac9412c652e133a1b9ed2af09e02aee492e4b92ee5cb920a96150ec8eec8aeee5c100525284256b966e7995d772494324a11194ba92555d9b5ce3b8bcf9f3a54b55495506dd546c769d5b3436e007d978f81500889ba777435ea6145a90a4a72e4c98f2665d35efb85764d364a5880958d5b36ea7e939e0fc0cb972490a149772a002eacda65772eaaa550d2c14a4ad4a000a86d7b0ee843d0c9550241a111832a4a918e7b1d50128ce850280648306dd06dadd3ab5e9714adbf5ae26040d59473f56fe8ea33b052929466c58b163cc11fa3414b96d63080979d65524631efd6f75f86f012ee4bb90a5ca9042a88d9750686a4a1aa158ad62b580005511b1ad32820b5fa6924a1a19402225552546b9ce6c82a4e74a94b58d0cb0834c60c3769d3af469393aff53e17351414676fd3d1e8ec6c65af32528cf879fcec99c0f4e8794bb6318d24825215451ac26ead66c7f86f012ee5dddcb9754b0a36582d6b18355249542222202022352358c611c916942fd75c9282a868046492486e7b5d7056a4292b52d72aaaa84689b546dd1a756bd0ea9e97e99c6e46305db2cd9a35f57a0c26556704e6c7839fcec48a66bd0dba26358d38905a901771ac6bb469730bc5fcfe14290a5dc1504612d19d4aa1924b924a9423422355211b18dbb2905494257ed6e1400aa11119241846cd0e6941a4a1495a96320aeaaa825ba86dced3a75ea6d97b2fa571b8f832a63ada6cd3d0e8e86bea92b465c9cfe673b1aa9fb1f7606dd0db210158631944e7bcf468d24cf11f3fbbb2290a0ad44759b3214b1a95725dc925482306a4866d322b9248a4674d57b2b38328444464906436b9ed658d0290952d6baa8154234129a616d6bf46ad9a0afe85f49e27139b8b38b09a6cd5b77e9d4c2a5ab3e6c3cbe660caa2d3add4424d7398ca05af3675531ac793f4686b9be0fc1dc23925ad16d0c7910bab952a0c92492a4aaa925b0ccc8a492e0a73a17527b085250884a9240844c637430ec40139d4a0001906828282a1386135efd3b743afe91f48e371b91ce00b361b1dab6ecdecba5273e4c1cee6e0ca27ab595559b7435c716bcd9a9751da1e6f7bf419781f0b2caee0a16e2cb8b2aa1ddd8c9403552aa492542b233339254bb828cc9092efd6492a0d4a9506aeccdae634ca0d29294a802aa08d00840aa2750db1cfd3af5e82fa4fd2b97c6e2f333dc8c6b8ddb37f4185149cd939fcde773914cdba208349fa74594a0ce80584d1a1da3431ef22f9d789bb294bcd34cc3873891dcaaa92e08d0d54924b23322b924921456742864977eaa1555554aa19211b1ae699d9550292a52d6b9205502ea97529a6b86e7bf5ebd4dfa4fd2f1f1387ccca9b36358d6e8e86e7bad59f364e7f33998511db9c0aa6bdda34b2e52b3ac0247ea7398f7135bf31f1b2ee919ef5d62c19c09b7435552e14a95552aee1d914952a4bbba5210a192eca7a9b9506aa50c90c9ae734caee50d25490582eaa00d0808ae0c270d46b9fab5ebd1f49fa60f2783c8c59aa358e635db7a1a9f6bca8c9cde6f331e78fdcc5aa3343f5e932315e652ea31fa98f37309cef947909759f396b98b0e65db0ea8686492e14b92e5c852eaa492eee02f3a94325dddcf5324aa1a95570dad69b4eeca4a1a52d4a5d00d52c2a84561432dd6146e769d5b34fd27ea132f0b83cccc3184f7359b36ec7b033e6c7cee5737222b4ed352e1e8d3b1ef79a5494ae89ee7b9ac232d0ff008ef96828c85b19930654d19dd418324924bb92eee5caba9772ee50a92a588c296573d44955435751a6e6b4ecaeee494340a1508008d000850ac02aa31a151ae7e9d7b3e87f5a8be37078f91508def36e9d7d17b41393160e4f332266cd9685c66bd5b5fa9b292900966ed266d32739bf16f3029c77b1d9f0e4cc30ca4a9064a9254b92e5cb92e5915ca80a4ad632a5d95dcf535554350adae6b59772e5c9250d4588002e829620220b505542d14144d768d5b7de7d9e4c1c0e1f35554d73cd8fd7bb53e23361e6f2f999137ab6de70a6eddbb7438b44500ae46b0cd8c6349b7f18f288ca1b34af1e2cca92497772aaaa54952e492ee432b2bbaa05296b192aecaeecbd68050d42631cd32b9249724952aa846816200b05ae2d62b0aa9a0c0231ba346df53f7d381c4e071738531ba498dd7b75e9b4e5c3cde57372aaf4ed8850bf6f437697e8382a5d4b6db08dc46741f23f13915a764cb8b2a963255c2bb955506554924bbbb2222bb820a52c06492caec88fd9a562308dac614ba19214bb9255495069620a005ac0016b011a6e8155135cfd5dbfd1baa4c3e7f83ce489bf49b4f56adba988cb8b9bcae6e555e9db33a56edfd1e9ecd4eba1108bb69b488e18a72fcdfe7799db1cac78f32c46aaa497672541832549777644565208296023525dd95d9319ec8406a199ddd5500c908acee4924a9506940b5ad69058a8006af492c21b5fa76fe90eb320f0f81c8c29b7ec6b89fa776b72b360e6f339d933de9da7912a774ba7d2ddada7017044ed8772e0a72e5f19f2dad9a667c7910ba1aaaaaaab23292a04952595d915dc940b50555490a5d9db1adf56552429284162355088cd8452495524a940b5ad485ad6b055553740aea31da1ff007df51d0abc1c0e073b353f46b36b346cd7a665c3cde573b1e727ed6e442d9d0ea75ba3adacba481d030a1552919f363f3df2576e6af363caa011aaaaa1a96467250d4925d9422b94202b0a955215dc2236b99dc730ae4a005a975552ecd8c7308aa55495248202a5216a5a8542157a1aa084d7bfebbeebb8e83c2f39c4cb47a7539ad7e9d9a8958799cae5e4cd6edcdcb9d65bbabdbe96e734812230aaa50a91973e5c7c5f966cd76ac7933a446aaaaaaaaa5d9114a9524bbbbb92840468654970a4222639a3bdba1e72816b5aaaa4bbb26b5ad69494306e4b8216b5a5695a414b10a6e915d4639ff47f7be93a92737cf79fe728dda9ef73b4ecd4c1c7cce572b0e687b7567c99d9bfb1dbe96ed0e905037174b5a90bc98d3938ff0039d6ea4e3c88508d554aaaaaa925cbb925cbbbb920888ca924972e1c3363ad1ac9ce3b80ba11a924b26318d7b197004464bbb952805284a4140ba09a18b5cb6bbd9fbff45e87741e379ae1e2a6ead2f739daf6be64e6f2b9583289ebdb9b1e76efeb777a7bf432d62101554852b3e6c2bbe6f37e7facc33e4cd9d622324a195552aa54a925cbbbb292a8654924b908a32d8c6257ae5b0acaaa86aa4284446d739cc3942b58d5d95cb8220ace95ac14022d78ac61b3d2fbaeefa8f42713e77cef2331e8d7a1ed669dbaa2b072799cbc8b2d5bd587396cebf7bb3bdd4516114b0cea4066c999f9b9fcff000ba62918f32562355254aaaaaaa92aa4952e5c2975254925ddcbb2b326b290bdb24bbb955552428464c639ee69dc8a482eeecaca5552d48402d60011ed5ae46763dbf6fd37a4eac9cdf35c2e783f56bd077ab6ecb1c5cce4f2f1a6f46fae7e79b3afddecf41e210542348ce95233643d3ca4f33c532272e4ceb0019524aaaaaaa90aee4111a925cb924925cb8521db0db6099aa4a924925492e5db18d6bded61482a52d6308e59dca04e74ad4b000668a10a2e9fb2eb7a0f4de8b544f0bcdf1d56fd9a9b1fb75ba66e671f998514ddcdc196b575fbbdae8e950d2961494a529cd955b2b96fe178db14e5ca858054a952aaaa4966c699405a94b8324b924bbb9772ec88d862b596baa952a4952492e599b1aed0e6b2e45a96900b284c2b94084294a0588b5c215367b0e976bd17a5ee9563f37e779ea7edd5a08b56cd659b171f99ceca2cd9b306407f57bfdce9b9090114d254b4272a4f5e1c7d0f31e422f3e6cc9580caa952aaaa59b1cf7b4e025084ad6212e5cbb972e5dd9308c9616cd143552aa5492492422631cfd0f615ca04a52babb2232b215a529529603341ac23fd6eeeb76fd0fa6e9c9c4f3dc6c4bd5bf5b074ebd8d4e3e5f33998d65a3a3979e9d1d4f41e87a76bcb996200b05a139eda7cf1ed784f2d4acd9f3a16352a555541bb37bdfa5a52a50a73654a4286aeeee4bbbbbb32328b16b5d0046a554a92a54b9764d63f4bdac3b82b5214baa2b2b36580252a528004db174cf53afa5d6ee7a6f45aa2787e6f918d9b3a1aa334ebd133f3b95cbc0a8ce85f332b7a7e87d1f54b365c99a0002c179c09a9cdb3d1fca3ce82f2e7ce901952a5554a263b4697b6500c85759f36652806a5cb9777764665046dcd750080ca9552aa54b92e1b5ba1eed0db9056a4a56350a1b6c8414a4a96a08c6ac4bd2e8ddd1ed7a1f47dd64c9e6fcff350fdfd129a366a25e3e47339b961ebd5cdc47d0eff00a5ea1231e3402c444559c4cb3cea7a3f8c708139b3a14ba925554a966fd1ab43208004a86d25e4cd9d6b0a92eeeee59995c5c6e8634440442a5554a952492ec98ed1a34b59720ad29400d496c65dc05a52a5a863ac6fd1334eeeb773d27a2ea4ae679de173af474b6d96ad7a578f9bcce6620b76fcbcdad9e83d37659939b833554a114223292fecfa1f8671d59f3214a0924a19521bb4e9d2d94022343566d6066c8852c2a5c97764445280f4686d4a15d2c6aa0ca952a492e1b5efd0e7b2e415273a806059b48a54521495a80dd47dfad1aba3d8effa1efef95c7f37c3cb36755d1daf54460e6f3b9c8a3dc5cbccfeefa7ef68c9c8c1944a58ad29920ecee7a2f81f1d39b3a120324955525b5fab53ae41181004635ac0cd973a9612aee422239063b4e86a2ec4440442aaaa54952a4bb336e8d1a5ccbb8094a52b11ab23615dd252952562e36fa0593f6f4fb3e87d1f71d17c1f35c9ccce9f46d8fd7a158b99cfe6e50bd3b79fcebeb7a7f4bb51c8e666095296a4dca2e9fa4ed7e79e367cc84ad72495524b26e8d3a185249430416246e62f3654296357259159482cd1a9ecc452411158d08ca952a4a9243639daf43997542b4a12a1192dacb29494254a08ed7e8140cd3b7a5dbf47e93ac732f98e07353afadb2335ecacdcee673f1a05bb43969dbe93d4f5d7c7e566b111052952ef6f7bbfbff3c79fcb992a019524a972cdda1ee615dcaba822b11b634833e54242a49656575268d7a187cf852ea844284446554952548564ed5a5ef64901694254b921c69dd8a1294a68ba3e8d498ed1bfabdbf45e8fa775cff35c0e74dfd633d1b9f9f1f2b9d872d47eac386763d57a76727978d630410a01b775bd3756be0de4b2a014152aae49708d8e7b4ce5cbbb92841756c6d867cb9d43242bb9751db34b4af9d21492a8682806aaaa4a92aa5d9e8769d2e6dca004e74282a4b630ce8139d2958edf5ab4ac9faba5d6ed7a8f43a25723cdf9fc6ce9f48dbab4ccbcac1cfca9bbda3cd469f45ebbaf9393cfceb5d294a0266ef43e81bcff00957ccd0b58854a972e5d919b587724b32365dd0800134c8336542c642bb928b5ed7154e75c92e495422342235254832a14373f4e97b0ac456acc8488c966d69d2b3a1695dfadd00a03d1aba9d9f41e9bb2c8ae079be421fd6db1fab4a39bccc191129baf1f3c7a5ea3d4eec1c9c68528732a37a5dceebf079ff23f245ac686a55c96576446472aa86199b5ad38200366c204654ac2ee492f4edd172ab0c92497250c0a1a183552a41a9676e76ad1a1b72856946748ae423736c1494a923deea354907e8ddd5edfa3f45d4b99fcdf9ee52b6f51cdd5a8f172b9f8b25096a673f0975fd6fa36f3f99933ac3383f6777b87cce179fe4fcb134352492aececaecee5080d4b226b9ae7480a12365c56642c2a4b8edba1955531554b92e49430468686a54190655c36bf468d2d2baa5a33e65ac6ac98e612d494283b4de9c522dba77f63bde87d1ee939fe73cf73afa1bdafd7a93cbe5e0caaba66c5f3b1bfb7eabd033173f1a004fa3d5ea5713cf7138d87c3e4aa92492ec88ae8aee082c465943373b4b4e02c613088559d2a1b8ed7a4eaaaa90ba924b924a94343435555555064918c6e9d5a1a72a968cc852c6a1b5acb04a145d9cfa770a575a35747abdef4be875cae3f9ce1e266fe8b5dadf8793ccc79a49a3665e6e6676fd2fa0dd9f266a6bfa5a31f03ccf179b851e5f0cb924857665772e482a00a92ecacd8fd3a0e81550c8eec54a5513f41caaaa82b554924b924a183435435060caa92ed9a346ad0d394209cd9d4a1964d6b2d684bfb3913af60200dfaba9d5f43e9fb8ea5f27cef1b0b3a7b19a760f3797cfca9ab2d7ab073b3974bd0fa3eb36a1b0397e6bcff001f0e340f9ec12e5cbbb2323bb925502d61552ecaeecdfa343a2c16464577706a1941aa921ad6ba19249724a834355555543552aa5db1dab5686914052b2e75a865b0dac8b474bad8322f7e95205afdbd1ecfa2f4fd9289e27038b9ddbf53f6e9cbcbe5e3ca123b73b9fceca1afb3ddecf41e1938dc5e1f370a120be16292ee159191b6ee4a1015a97430a1594b2668d5a25242cc8aee5dca92aa4936292aa584924b9255541aaaa1aa1835525db1fa7469619d00233674aeaad8d6b297e8f5f3b0e3ae9390a8e7ede9f67d3fa7e94ac7e7f83cc4e9dfab46e662e3f372e792f4744f9bcdc6a3dbd0e86a0cbcee7e2cf981603c3c52eeec88ccd8c3b95400b5ad4152e1594b966fd5a182a5d1b08a4a92497254d062a5002ea492e4a952a08d54118232aa5931cfd4f6ba5082736552868dad61cf6afe573f9f90ba86918cd1b7a7e83d37a3db262f3be7b995aba3a5fb4b99c7c1982466ae8972f9d8f389b1b619d09048aaab8986ee111130d8c69dc822b05ad2b0925d9cb921374e97c5a86d8c3ba92a5dcaa89d4da05028064924924a9554355542232aa591b9fa353cee8549cb9d2b186c6b4be85a795cde662ceee992829ba36f5fd07a7f43aa4e6f99f3f8a6ddcfddab372f9781432ddb3a47cce561ceb195400034b550f1315cbb2b2631ad6b2e4a800a4a94b09211dddca918ed1a9800ba3361dca9706a5e137682a5a96343524924952a865550508caabb8c73f4697b2ac168cb9d2baa635adfa56de7f3397cfc99b4f569014dd5bfb1ddf4be8b549c8f3bc0c55d0d9ab63f3717999152c9fb7a6de6f23066480800d088004e1e1b977644c36b9cc292e08a94952561576456452a05b1fa74c80ba236b25d54195cfb26e8d116a0100a924924955528608888ca92e31edd1ab41150a51973242a1bddf48ea2b0f2f95cfc88dbd25a809dab6f5fbde9bd168a9c8f37c1c4cdbb75ed673f8dcdcc30ef46cea3b9fcae7e34825741174341c2c172ee1130d8e7b0eee4a80094256a0a9644465250559b74e86d02c6cc88aee85596aed8dd0f0150008d5492492aa4083422355552c9ac7e8d4d64b04a31a10321bbdd7a88bc1c9e5e0c6bdbbc5570f4eeebfa3f47e89d078be6f8795bbb5eadd7cbe473d1576dd1afa7ab17279b933a160140232bcee092ee432631ce6b2ca15d008a50a402c65911111482230daed0c3a01aabb906415d5931ef682805435524924a925088d085549564c6bf468732e8559726750d467a9f63a983cee4f379d883774969a1769e875fd07a7f40ea0e079de3676edd3b76ab97cac4aab27b75f535e6e5f3b165cea5d262e579ac12e5cbb261b5cd691194aaa115a10952c2acac8c88aa508d5935ae615c952a56f42520364dd0f820b001192492495060d2e8686492dad7e8d0d6cb0566c68484bec7b2e86e665c5cee473f2afa3d052018ed1bfafe8bd4775b11c0f3dc9cced9ab66b1e472f2a246bd9aba5ac30f3b163ca9500008f96c324b90888cdad73184725c1a05a939d2b58c856c84525ca835776645772507a904a73a402cdba1f14b580d5492a5c92a508d000ca925b5ced3a1c6540bcb8f32c2747d5ede86b30c3c9e662c41d1e82920c668e8767d0fa7ef1ccde7f81c9469d5ab6eccfcae6635d135afd3d0d859b073f165cc8508afc96192e4970898c6b5cc3329772868149ce84ac2aac88aee5ddc924a952a54a9ed6582939f3804639ed0058808c9524b92508d080d0c92131da3469365dad3972674d6ff004aed7d0d8f4e3e67339b903a7bd29a8dd5d0ec7a3f4ddb74cbe7fcf7291ab56adfab3f2b998d744f6bf4edd8d463c39316542923e331d4a925c2b36135ce333b2b924a004210842c64b222b92e4b920c92aa0cf50e7b25067cd9d4046f71802c68064a92ee490174223552426b5fa743597408c98d4adbe8adbaba3b9a38b95cce7e40e9f4109ab768e8f67d17a7ed9ccdc0f39c8176bd5bb5a795cccc9a26bb4e8d3b5a39b362c39919d3e0b3554a92e5c22336b98c333b924974b52119f3a446ee32ca4b9254832aa554eb3b4bf43aed49cd9d2046f7102846824832e5c954222015524263b4e8d06c916ac5955afd0aed9a776e6d65e6f3b9b903a3d24a40dbaba3d7f4be8bb6e98fcef9ee6a7569d9bb5e7e672b22a1bb43dfa74bc959f2e4cb9b2fcc9623525492e591b18c730d850ea5dd552d79b3e64282ac88e14925492aa54a9a09cf7e9d1a1b0139b3e70b6bdb6b5888d41921492a8428682aa4b6e87e87b4ee833e4cbd3ed20698fd9bb4de5e672f9f943a5d14a64769e8767bfe8fd03693e7bcf7251a35e9dbb0793cbc6ab633469768d2eba4e5cf9f95f2c111a1aa9254b86466e635864452ee4822b466cd9d2b19089924b95249552a0d9b1add3a75e96d8ab26742edda0c4028046497724aa11110a192135ba1fa1acba5a71f77a38d2a163b66dd73360e6f3b32f7f5139e476addd5f41e93bdae67f37e7f94a7ead9b762f99cbc4b96fd3a9da1af3a5a91e67e640222223555255cb236318d619915ddcb95429465cd9d4b1845652e4924aa95156564c6bdfa34ec71d23366ce04e79000884192e5c92840428254b8d739fa5cc9032fd3b9bc8c79d52ddaf768623173306456eea0661b769d9d4eff00a6f47a664e1f9ee4e76ebd7bf54e7f272246dfa74697bd85707c4fcdc4444046a8465492c88cd8d61999594292a08a73e54214b19772ee492495222115919b1afd3b356860a32e5cf0dceb58ac6aaa5cb925500508d5542373746a6b6ef5fd8381c0e4e2cea1b6bf4ec7064e773f1e7dfd70c824dd1bba9e87d2f7f645707cf72b13766bdba4b1f2b02449ba7569d0e2385e0be7c2234222222235524908986c3631b77677724a104a33212a011952e4924920cab976464c73f46cdae31cf9732e8dcca580554a97724aa0a011aa9566e769d0f617a1faef2b85c1e660c89ab3769d3a665c1830275f5eb30131db7abdff0047e87a113c9f3fc2ca7a766cdccc5cde76718dd1a75687111f80f0328684684068286aa54964464c6b0ceccaeee49005494252b580d55492492698b101a9644c36e8d7b75bec3366cc826bec0006a55cb925500d088d5486d7e97696faafb0e5e5f1389c9e66545423d1a34b33e1e7e4cda3b4789646edbd4edfa2f4dd295cbf3bc2c27a35eedaf47339b9d30f469d5a1c65e0bc1d4aaaa1a111101aa11952e15b098c6134ecae59554800a4a1400142355552a6f94220b01970adafd5a766b75ab365cc06d6c5088cabb924a802222352a135ced3a7d3fdb873e0e3f0387cbca901b36e9d2c5e2c5972b3b4ec6aa6bb5f43bbe8fd1f58eb9bc0e173c346cddb352f073712858cd3af4b4bc3782952555401a111a10aaaaa92caccccdac2222285241940b5a816002354235345942a015ad63544d6b746addb1a28c99d20d7dd02eaa49724942021432a4b36bf4f5befed30c7c4e070f958f388d5b5cf70a3263cd7d7d99335b1ba3a3d9ef7a6ef1ccfc0e0f213a356eddb0b172b12c059a756a6f88f032e4aa95543044684046a0cab84446666c61d9114a9241a0005ac004406a67223322baa5ad4bab8c63f56adbb0c11972a6dcc822baab92e4942142155525935cffbd7635b072f3f85e6f8f833ad604c66869e7cd9b28f53a5932d5bb4ebeb77fd37a2d517c3f3dc6ccdd9b37ee6239f832ac6f4e8d1e47e7f2ee4a9552a508d505008d5549211591b09866477772e541a11005ac002a7325c22630cca816b50d11b5fa766ed44bcb93309b4e28254ab9452a82844460c86c77d53d775b634f373b89e7b8bcec894ae1b9ae60232665f43a8ac4b373b5f5bbbe97d1742eb91c0e1e02d9af6edd55930e04ae35fe77e7965724952a4aaaaa1a111011a92ae15d9191930cc8aee5c906840160b0aae2c906eecd8c6998ad4b0a26b1fb36ec7c5e4c89a6b685755524bb942340354324b6fb0f6fd7eb74365271f1f81c2e6e1ca95db5b66ca5a72275764b020d8ed3d1ee7a4f4fd5bac9e7b85cc0d3a76efd8dcf8b165589f0be70472ee492aa4a952aa8444402aaa492caec88888cc8997772a8469602035e7e54192e5db18d7328120118c6e8d7b76b2b364ca04d2a584952492ea846842aa4bef7b0ea763b1d4d9731f3785c1e2f3b36702b84d75867ca8776b465cb56dd5b7b3e93d2f75b33f1f81c6cecd3b37edd75971624070be6d656577249524a9064aa1101111aaa925ddddddd9191d91ddc954220153cc14a972554909add0eb5a95564d6eadbbb51a72e2cf1cca10a1924924814022325757d5ece9f5badd4dda267c5c7f3dc1e6e3ccaa94c6bac50acd7d5ea65c4bb6bf7757bde8fd0746eb97e7b8986b56dd9bf6355972e4f2bf35ab2b2b977249254a92411a0a10a11a92a492e5ddc3b22222b92401aaf2d0a49524b92a15e8d0fb5a97566ed1af7ed6567c3940dc4023552492482142106747d3b75747a7d6eaeed6c0cdc7e179ee4e2cc81a966e3839f2afa1d91c39cd8ed5d2ed77fd076b44cbc2e27273bf56cdbb7512b2fcfbe75432eecae5dc924aa92490608888d08d5554a852aee5c22b86570aaaa79492e492492e54966ed4e25246135fa76efd16ac78d366c80232492495022aaaba7e8e335ece9f4fa7d1dad35f3381e7f8dccca954bb634a0a33a74f6b660c944fd3bfa9d8f49e87740e570b8d866bd5af66e71fc87c5805554228572e49552492490468284684654aa92492eee4b2b32852794aa92492e4925c92cb4ea70257446ed1b37ec6af262ce0c61ac6aa4924920808ce8fa4aa3d1a7a3d3ea753a1a0d38f8be7789ccc99535564d65cce944ec75b3e15db5daf776fd0fa3ebb662e4f0b8e876ad7ab7edf90f94a580d0c297772ee4a952492495504044250d4aa9254a97721591195df95aa1924924924972aecf5ebb0504363f66ddee99f2e15130e2c64924924110ae9fa311a23d5bba5d6ea74763559391c0e2f2f9f992a92cd8c15af306dedbb0e712769ddd3eefa3efee81cee171f9c1a366ad5e07c5dca00a119214bb924924924925508d050d55554a906a4921159930efce508850d4a924924924b27ecd0b52cad8ed5b76eb818b222ad974152a4b925505763d00ae82d8fd9d1e9f5fa9b5f33f378bc0e2e1c79d1521b0ea9284b7b7d2cf8951afd5bbb7e83d1765b13c8e0f110cd1afcb78132b95401432ae5dc924924b924aaa1a814306a864aaa924964444c65f38560b050080c92a4924925b366a2480db1ba766ed8d5e7c59d3187415254b92541eff754a11956cdbd2e9f53a5bb4b831f2381c6e4e0c895c964c28a4a6ba1dd3c58a98e7eee9773d17a1df758b89c7e7e7be47ce8ccceee86828464b952e5c92e4a92aaa5508d5550d54952a5c96646c3208a0152d6a050008caa9249243d3b58a58db1aed7b7736272e44091150d4a925c93d3f690a52eaa476bddd0e874b76fd34ae6f1b81c5e763ccb9246b629485bbb5d3cd8924c6eadbd7f43e8bb5a6ab9bcae4f2f8bf333233322baaa11a1832492e0ddc952a4a904460c1a95525492ed96d69dbe8005600b5a56a5a8046aa4a924b76ed00a0b363b56edef8b464caba328355249727b0eda119d6b0944c6ebdfd0dfd3e86b6af172385c5e5e1c6a834c23a105a6ba1dc760ca04e76ce8f7bbddfeb158e0e37cff00e643676466cbb9543542355524a92492a4920d0c18352a54924b23635857b0684046960a52d6a4ac0543552a496ddba8143098fd7b76e8ba565c99c6cee860cb973da775684212b1a908b46fdbbba5d2dba8b3f3b85c2e572f1a57259b2e969529ddceaa79cab3668ddd6edf7fbfbee0fe7af359d636464646772a54011aaaaa952aa4924832aaa54aa92a55c3336b1977a6828046550502d695a56a5080d4a970f76aa50426b756ddba8a2f3e5cc9a33a119249ecbd058273e75282a55dbb5eadfd3e8f436b47271f87c1e5e2cea19644c891ce91e977b562c8ba37e9ddd7ed7a1ed6f9f9896952563088c8ccaca4a1aaa11aaa1aaa92548320c92a5492aee1b1a6c390c4446a54a92a2c01685294b05d50c967b75d2865b5ba366cd6c9139b2a02eee86a49ebbd19c5a929cea5d54a87a35efe8743a7b75966e6f0f87c7e7e6ce2366c30104254fecf66b0e751b1baba3d4edfa0eefe75c9054a4a8659119132eeee5541a1a1a1955432554aa924ab925959b4c8ee410119254924952816a4ad2a52c0254b3ddaa2825b1ced7af5bee0a33664514aa953d6fa22b90159d085808cb366bdfbb7743a7b5cbc3c8e071f998528a96664b05a901bbbbd2cf81344d76be8f5fbfe0fcc5dd52d2952e59919591ddc292aaaa86aaaaa5554aa95254bbb222322b975123524aaa95772e4942b529484a80286acf6eca504b631fab4e9d0eba5e7cd9d52eaaa7a9f46477754a4250a50d0dc2d7b76eee8f4f7e91cfcbe470f91832297508ecd4a52125d4efe9c98d164e76ceaa7c23dd7250254a58d199d911ddcb292a554192a4183254925cb3850a4a9267a832492aa4bb2ab92841494a12a5d0559edd74a084c6bdda35e971544e5ca812a95eafd0891dd952d494675080d59bb56de8747a5bb53479fc9e171b9d9f3a97464700108ce3a3b3db2c59428dba767816e9d0eb9281694054b223bb2bb2b970aa49524952a4a925cbb925caa83110654972aa490a8e54a94094a33a4143567b75d2461318cd0fd5a1ed9266c79d52ebd7f784a4b22a582f3e648854947a776fddb7a5d0d438b9dc4e2f372655ac61115291994b1dbdaeb4c98d66c77915334687b8ae415294b58dd99159595dddc92e5c924924a924972a4a195510325497242954524925dd029284e752c6a99bb48ac65b09cc768d3a1e7227365cf57edfae324967562a5a52850ae511bb66ad9d1e9efd661cee47179b87121632328529567405eeeef5830a2afcce33635fa1ee2b9516a52c172159d915d9c924bb925ca29254a924955541515254925c2908649254bbb82b5233a12a018cdba56150984c635da346a6dd8e7cb957ee7ba911924bb834b4a50a584944d6eeddb7a5d4ded464e7f2793cdc59d402442b529484a947d2ee74c32e6f318aec98d7bdee6497160b5ac006e195911595d4925c924924924823286a45cb9772a4970a15555ca2972a9694a73214034edad15d591991b5da1efd0d9119727aff404b50dcbb92405ad094aa84688b46dd9bba3d1dcebcf8793cae7e4cb9d23722c1684212ba674fbfd14f84c725d9318f7e8732e5588ad6b5088422b222223b1955524b92a4aa94320c92c6142b9254b8472150cb97252d409cf990b50476d6ac259195b18e6bf4ea75c4e4fa5a2ac5752492480b5a12b500d0c63366cdbb7a1d2d6d565e4f279f871e7504b1809467ce9155bba9dff001a950c92d84c73f439b772410582804064bb232615c1192aa549524aaaaba95a2a5492eecaea13214baa92aec56b5a948ce84a9734ec8b92cc888cdad7ead2f2aef7d3bcf720194a1924bb834a52d495008d54668d9a77f47a7b9f32f3793cbc7812ba1aa15a9084252155a5496805548444c73dce7114956020a5808d0d42332615d504a192aa4aa9254ad92e0d5c9647650e14b952aa411a4a812846642977a35411b22386666dd1a35bdbeffe95c4f35c7a70a82548555620b52540b011186c7eddbd0e8efd8d461e6f3399910b1555821684254850ccd9dba1a22b9243236bb435ad2b925080082d623557666c3b835554320d4a924aeac95552490ac88a492e49550462922a4a33e64246f4e8a1845656446d63b4e8d3f40fadab81e6b92b7440495750a082d60a5824065427eadbb7a1bfa0ea4f3b9dcfc195480a15ad49ce19d0158f24b6bda4b5d55c2236b1ce73187255ca005ac174032e318c2ba8234223254a93ba32549254977672a4295240aa1a482d49cd990850dea70d595dd9c361b1aed5e9fef8c1e079ce3a75c42460dcb920082d20a4888c91daf4ecdfd1e8ea3cd93160e566cc801a004a1295a5383149233438856152591318c7b5ed3bb95250ac416a10a964c69155080d0d54953bb2ca4aa924965255c92492aaaa940b52919b3e74284f51d543bb32b23226e877e82f43ad5c3f35c49beb3a1632492e41502d69150054b63f56bddd0e86d6867472b9b8f3e65c508665ad6957239f524ab37e83158854b2b236b5ed6b48ee55c10005ad6223646c23b1010835067688ae15c924924924925c924a0105ad28cf9f3e742e1e830847764567646c6fd53dc7a3d4bf3fe5f92de98e6c891924972d6200085ac028631da366bddd2e8e815e5c1cfc78b32d2b05002d6ae073c6aa49213ded80a1192ec898c635cd6b0ee4a954b05a9601219b4ac440686a744c98645724b952492eae492eea0d0ad4a4a33e7ca840463ee8acc8aece15937d9fbaf49e974079bf2fcce8f4918f3675c94b32b905600a5ad40babb7ead1ab6efe9ef25e6c3cdc3932a5200a14ac7cdf3c46aaa4928daf758ac17521111135ac735ac2292e0d2d6a5a975466677004463cdac3619dc92e549772a48525d41b0052d29466c99d2a18c75cb32b2b396565e8fd976fd3fa4d593cc79bc9dce862c5973004aa970a08d02d0a5ac0611bf56bd5d1eaef31461c18f9f9d094ad6103c961aa11aaa92a4b66871450050c39766c3631cd6b0c8a48340a4a80065b08a50d01b58c6b5a576525094b9557524925d4a5a9284a3265420243714b222b3bbbb2eb7ade976fd27a8d5cff002de76fd33f0e2cb990a9252d9724a5ad4b52c1630b46ad1b7774ba3a0f362c5ccc59d4a4257278cc555434232a4aa964f7b20ac0425d95d91318d635c64dbbb8340a5254b97667731b0d8e73da566725548520405a96325b8ce52b3a1393266480c86d29665670e14e8fabd5d1edfa9f4bab93e3f85d7f4b30e0c99b3a6a84192e42a58ad6b5296144c7ec7743a3d1dac4e3c3832a1094a575e1b2d55555008d492aa426bda42000352e5dd930cd86c63186667280139d414364594d86dd0f795b0e49405754b4a73a52ba96e37b4ca909cd8f2a54b9213ae461915ddcddea5daba9e83d4fa2679bf1f8fd27a00c1cfc79f3216212d9242aaa502d6a502e35edd3b36f4ba2f1cd93265c5996948fcf5152aa844682549552a898e79c00011952e11111113186d6b1ac2ba5ad2952862c8dae7687dc615d1c9202d5973233a82a4630ded6b8179f2e5cc85492319744c3870af5fa83d5b7b3e93d675b278af37bfd969cf831e24674e710ab6496550542b52562984cd5af46dea6fd53323262c68cc80f9c2aaaa5050888d4952a554b6bf4dd00000d49770a1db0c986c6e86b0ec4568cca5fffc4001a010100030101010000000000000000000000010203040506ffda0008010210000000f8cad1af5f56d15e7e6e7a5f4b2ab77756b5e3e0e0cfafbfe87600000007cbe3337b274b4c9115a674a416bedb6ba5e9e12955ba348cf08d345e2949dfafab5af270f9f8f47a1f49b00000003e671b4d932b48533a52b16bdf5d74b5e72c3ce445604db69b4c619dfa7a7a3697371f99cfbf77d4ea00000013f35cf79994208562958b5f4db4bde66bcf7f47e644442dad96b579f2d3b3ab7bdeb3cfc7e6f2dfb7ebb400000009f9be6b58561585609d34d6f7bcb3c67bfa5f2c99895ed72d4e6cadd9dbd3799ced871f9dc6ebfb3b80000003e7b92444444444db5bdad24568d7b3aef87378b332b5ed692bcd83abb7a7799b6719f279fc34e9fb7b00000003e7f88844444def35a5608bebbf4f56d6c79f39f1d36b5b4b2673e4c237ece9e8d266d148e4e0e0c3afee00000000f9ee3888885ec4da6e9b5f5d75d34658655d7a3e7eb37b697929cbcb1a75f46fb5ad7b4e4c383cee6edfb500000003e7f8ab156979dbab6b904daf698cb2ca1b756ff2f59b69699530e5c677ebe8d6f6bdaf7ce32e3e0e1eff00b000000004fcdf1d62fa476f6da266e9266232ce907475e91f345ec29873655bedd5d37b4df5bdeb9b9b87cdebfb000000003e6391b5ebe9f5649b22d6119d208b7474e915f9b5af28cb0e6ceb37dba77bdaf7beba31b63c7e769f5e00000007caf3efa61e9f6d696b4a1556212aadd3d178ac7ce4daf5cf9f0a520bdf6d75beba5f6d672473f067f5a00000009f948e8e2eef474aa2656982b15ad1a74ed788ac7ca6b78c39e913084cdb4d35db6d75def5c74cb9397ea800000013f393c76f4faad28aa6d3288a528d37dac8a573f92b2b4b5ef319e504cdedb74746fb6b384db0e2fa2b80000004f93e6f27777eda5a6cce9699456959beda4a2b4a73791cd9db5df498ae3cf82666cb6dd5befbeb4c34af2fb3a80000003cbf0e3d1eddad33795204561a5ed2aa94c299e392f794531e6e5a5b6b549d3aba7a35be136c7d1d80000001e3f87b7a1db7ba66d3691115994c2b14cb1df9a6092b4c7979706bd178a434eae8df6637766c0000000f9df37abbfa74999b4a33a4eba4cc111115a62d7926c926232e7e3e5a4efd3ad6b9469d5d3d1a675bf56e0000000f94e6edede8ba6d2a72f1e33af5766d644444533cf4a71eb7999994465c9c7cb5b7474eaae75bf4756f6cafd7b80000003e423b3b3695a672e3e3cafa2ba76f5e931115a669e6e6beba4d96118f1f1f345ba7ab54655b7474f429dbb80000003e3efddd3a4ac8e2e0ca6fa598bbfaf6b56299c5b0e2b45b4d2f6948cb93879a2fd1d7b4d72a4f4f56f4ebe800000007c96fd9bd898cb8f8e9165f5613ddd7aa29588e1e5eb88b5afa5ad294538b879e2fbf6ec6595fabb2fd1b80000004fce6bbe924572e7c6b14a45f4636eeeab454e2e2af720b5af7b4cccc5397839ab6e9ecded1865af5f4f5ee0000000e1e7bcca295a526d6ae3cd846b39bafaac73f9f59eb9416b5af3699b29cbc3c94bf4f6ef7a73e7bf57a5d00000000c3912ad69588bed78a67cbcb9eb39d74e8d69c5499b6f641337b5ad699472f0f1d6dd3d9d17cf0a747b3d20000000c79614a53285f4deea56b8f0e5a5a99c5aa4b0db5d6c84cda6d6b5e55e6e2e5c6fd3dbd37c79ebf49b0000000465cd14a678e14b5f7df7452229c9c97bd33894275e66db5a44cda6d7bcabcfc7c795fabb7a671e7fa3d4000000232e68ad31e7e6a2da75746d35a54cb8b3bb3cd136eea73636def6912bdef699af3f1f1e57ebefdd87b9a8000000465caad73e6e6c613af574ed319e732cf932b22abd3a269cb4d37bc84dafa5acaf371f2676edefd9e8f4000000031e42b9e5cd863113aefd7d1a452952633cab59b785bf4f4df3e68def69944cdf4bca39b8b933bf6f7efdfd20000000e6e5998ad31e7e6a52b33bf575f45a2948891333e371e33d5d97cb16b7b2613a5ef335e6e2e5a5fbfb7d5e9000000071f2d84532e7c32a5537e8edebd94a552b2669872f17257a3b74c73b696b1137bded31cbc7c94d3bbe8ba400000023cee3bdee988cf0e7c73aa1af677755e3380b37a570e5e1e1cba3b75c73beb6217be96461c7c98f47d9dc0000001e1735efa5ed64572c32cb3ac45b7ebece9b889856d6532e5f3f872ebebb62d6e4275bda5871f1ebf6600000009f9ce69b5f4bdef62b9e19639d613af4f4f4696b4cb856d74b4e3c7c1c11ddd54cef709d2f7965cb97d680000001f3dc6b4daf6d2f7b15cf1cb1a52137d76d75be96d633a5276d2d8f1f9dc3a77eb9d759926d7bcda9cdf4370000000785c104da6d6d2fa59114cb2cf3a562ebebb6d6f56662b8e5969b31e1f3797abb54bdc4cdef698f4f7000000078de7d6a4ca66f7d3499562b4a659d6b36d34bfd0019e1cf7d639fcef2e7bfa329bc89bdef3e8f400000003c3e48ad604a66d7be97908a4674aad3f492112cf9f975d31e2f2f97b3b673bc89b696f4fa00000001f2d4bcab58244dada5ed69908a52b4fa0b5e4065c74d6bcde679da7a5ad164c4dafeb7400000003e7bcf5ef64402257bded6b26c573a65b6db6faeb7908e5e5d279fcff00329dbdaada66b33ed7400000004797e66344ded2910995b4b5ac9233cb1e5d35bedd1bf46da4c98f069397079586fdfd154cabef6c0000000f9fce299e755ad7b4cc584ded32b15c79e986979b4df6e8e8e8d6f665c336cb8bcbe4bf6f5da26f1ee6c00000011f1ae8dd4cf3a44cdb4b4ccda6653288cb1ca34ba650b5fa7a3a77bce5c137cf93cfe1cf7ece94dfdadc0000001f39e6574df7bd72a52a26d695a66515ae753a2d3122b16d37eaebdad9705e73e6e2e1e79eaedbcfb9d00000000e4f278b0a5f7deea5291588424b4221369e899844044edd3d9d1a65c379a61cdc7c78ebdbd5efec0000000c7873e6e4e6a4ebb6d78ae714aa4884ca66ed11056a9445b5e9edead72e2d19539f97938e3bbebf4000000072f2da33e7e4e6ce2faefa5d5a52913332959338c4a2b5a56252d3a3a3b3b37c39ed5a67961c3c5d5f680000000538b29b4530e6e5c6b36db4d6f6ae79d66d365a4f31615aa2a9b5f5dfa7bbb76e7c66b4a67cfcb5fad00000002b8d71c5a231e7e6c3189b5f7d359ae79c5af7b4bc9cd02022674db7edededbe148a5295cb9fe86e0000000a61646384697ac61873619d53aedaeb14ce2da5a7931cb3ac260216bf47576f7f5b1ad294a467e9ee0000000c39ef69965852fa4d6b8e3cf8e39c5b5dba2f14acdef8f373679c590b5f49a52fd3d7e8f76ac6b5ce948ece900000007372daf6b58ae194eb64572c70cb1cf36bd1d17ad7a31e7e2cf2a93af67674de987363b7777f5cb2ad32ad7afa00000001c9c936bdef62d18f334d2ea5699e38e1cf9cefd5bfffc4001c0101000301010101010000000000000000000203040105060708ffda0008010310000000fcf6308e8ddb6f432e3cb0b2c97389fa5b2faf0f99e5d7bbd3fa9d00000000fdcfd68472d51ab3d54c0b27769d7af45938d58fcef330e1cfabf9f3918f27a6de559b965b29a9ae5a3d1d77c31797e5d3a7d4fafbc00000039fb6fa91aebae1ce42ae3b65dab5eab7b0a3160c38f3d14fa3eb7f2c739c8c7a76774acec73d16ecd7aaf9f3279de466bfd3fb4b80000001fb3fb34c21077b2913b2fbef43264c1931e6aa37faf9fe3bf151c8f13b6729ca1929b77eed16590964c1e4639fa3f73700000003f63f76ba4ed92b27395d397218f162cb9f3d3dd5e9c7e5bc0efe3eef4ed939f3b2af25166fdfb6cef699e7c1e4616efbfb40000001faff00d122ef6d95939ce39f1e5cd5f09cf5f707cc7cfd1eafb9fce29bb39ce5dea18f3377a1b34f7bdad4e2f27ce86cfd1640000001cfd87e9264e539ca146685ba2fedbc67c1e5789e2f954fa1ed6b87f3925395964baed58f2347a1af4df24b95f31795e6e7d9fa400000001faffd34ec9ce5ca289f2bae8ae35d593160c38b2f377a7e8d98bc6fc5b9db2cb27deaac78f96ecd7aae9ce73ed3dcbe6f9393d0fd0c0000000fd7be9eeb672c99ebf33c2f2e826428a28aaedde86bb25e6fcff97f030ecec9bb2865c544afddaefb253b2c954a30f95e6fa7f7c00000007ecbf4d7d99f0f7e6be62b94214439ce4612bb76dbd2793f3d8a5f1094bb2ef69cd9288cf4ecd56ce73b6c9c20c7e6793bbef40000000fdc3e8e7e764bfe1bc3d72aa1d9515d7ceddb6f93938f89e1e69dbf0cecfb2e51972d31ecb56ad16cad9db74fb4ca8f3fc9bbeec0000001cfdf3daf2727a9f0ff00337e8aa9afbd9ce567667673cde378f9fb759f05d94f94e5cd5c39cecedbeebacbaeb2fbbb498fcdabee40000001cfdfa5e57d2fcb7c5e3ba528d5c8c65dece56df7b1f91e667e5d6ddf985f3e66cb58e47bdececbaed1a2ebefb2345b4e1c5f6a00000007ec8fa4a3e17c3cf14edec69ae3c9db7e9d0c7e560cfd9dda76fe29342139dbde534c52276e8d3af468bfb9a5dcde7fd6c80000001f79f73f41f2ff001de6d14d744b5e88530ecefbafe63f3f255d9db7edf63f0dc9576fd56f50cd9688ca5d2cd1af5e9d174335d0c5efde0000000fb8fd5acf8cf97c15575d35aeb4ecad9f32e6a39c9ceed7eae8fc868a796ce48d79f1e4aacbe518f7b6edd9a6fb33f6747ab780000003f4cfd3bcdf8ef9ec3572baaa857c8713b2ee46be273bb46ef47ccfccc3bd46bcd8f1511bf54f908addbaf55ccd7737e800000007ecdf69e17c8f8f8abe4698425b75470618725276564eed5e9f3cefcca5d901464c38e9968d974615c2dd9b34dd542cdda00000001fbdfbff0031f31e3d3184296bf73e93d1e79fe07cf79752c9f6d9e8dbab269fc62cb7bdef648f28c5e7e484b56cb91a236ead9a2dcf66ed20000001cfe8cbbe5fe73ce8c6a8476fd27d36ec997b7e1f96f0f0c256593d7b390f6ff9ea775b2ecbbd739460f3f2c27af6ddd8d119ead7afb57a1a40000001fd1b9fe5bc3c8e551bbe87eb3d2ab367cdcf523f2bf3de7c3b3bf5db5fa7f49fcb6edb6db2ebbde28c5e6658d9af6df38510eecd9a6bdfa40000001fd0be57ce797539c96dfa5fa1d9d843361e7a90f97f9ec295fa797fd4fbbfc83c76765d3ef7aeaac1e6e48d9af768ef29aa5b76dfa74800000073f63c9e563873b3b77fb1e9dddd5a6ccd8b9e9d3f2be0552bfbcfa5fa7d1fc6e12b2cb3b2ef7bcab1f9b8a33d7bf4cf99a8bf6ebdfa40000001f57ec65af9c969bf4ea8e7a747a1ed7acc30dd1f9ef0e977d7fafd14ff001ef4252b27294bb243179d86b9ecf434ce392bbf77ada80000001eafd1449e8d564e797cda7ba377b7f47a7ce86cd18bc6c1abe9f5d55ff1b699076539ca53977b1c7e66084b67a1aa756686afa0d60000000f47deb2566adbba6a30f959975f77abf4be961a76dd6c653ae0fe2dbefbba1294e52b27dec31f9d8a99ebf475ce9c91fadd00000000dfefceed3bfd2f52f863f33c9f32365f6cb4fd17bf9f26addd8f268ff1ce468d1de8eca7d9d96750cde7f9f4d9b3d2d7dcf9beb2e0000000e6ff00a09dda7d1f5fdad2afcff17c5f3797df7f79e87d2eecd1d7ba6aeafe43af2513d16c8269ced9f7b0cb83cfa6cdfe96a66fa3b800000039e97bf29ddbfd7f777dddab0785e1f9d55daf576b86ff0077d087256cb2ff0025699578a165f703b65964e48e4c18a89fa1e9e9e7ada80000001e9fbfd94f5fa3ecfafbf4f2bc7e3781e3e4968d7a15c67b775f6729fe45bf6ebb68c8d164dde3b39db675cc983cfaacf47d3d1eaea00000007aff0041ce4acd5e9fb1ec6dbed855e6fcff00cef9345fa6e9cba8479087e1f833cb6eeb68cddbec977b04acb2d92393cec74dbe9fa5edea00000007d17d0550767a77fb1eb6fd3698fc7f98f9dc1cd5a7b2e4635c23f9e67c5e7608eaf46ecf4ced9cbb1e76cb6c9a38f062aaef4beb35000000077ee7e83265aebe72fdbea7ade96cba73860f9cf95f13259aac9723c847e3615e6c7e6f9d46af4adcd0b6d9f39cecedb27d8e6c3828d3fa1c80000003bfab7b7972e5cd9e119dfbfd3f43d1d57d8abccf9bf9bf1f2f3bd945cf919c95d193caf32addba59fb74bbce7656db3eb379f86dfd040000000fd8fdea2acf972e5a2a8b4edf47d2ddb6d9ca9c3e2f87e4e2a6a8739f9f3b7db3ed1e7f99e5f3d2d91a6764b9cecacb6cea9c59fee80000000fd87e8d0ae8a3367cb9aa8f6fd9bfd0dfb3459c8e5c5e6f9d87364aff00338575572d174a8f3fc9f36df4f451cba5c3b3ba73ed597ea2d00000007eaff5734630a6aa32e6cb4c7b769dbbf76ebedec69cf83cef3a8fc8dde429cd5dd7f72f9de462dde872139f5cecec9d9d8fb1a40000001fa4fd85f691e4215d3971e6a22b6dbf46ad9b344f9463c79ff1680ef2bcb96cbb993caf19eae9a939745d3b3bea6b0000000efea1f4165d74a7c439c8519f266a2b8f24b6cbf4e9b55d7f89c41de578f25f3a7cff001716ff0047b54e5d13ba5ebeb00000007eedbb2d36596ce50e70e519f365a6a843894a576ad367e1329c8053e7d7a218fc6f2aef5aeafb2e895bee6a0000000efecbf58cd968ece7de82bcf9e8cf5d1c8438bb4eddff00cc375fa2fbac9073162bbb97cbf1abf4b7f63def5cefd16a0000000efe83f6dbf54e9cf4422ef7924211a73d54d3c847b3d5e97a1fc7965d75fa7569d164fa67f36c951e678b9b4fa9a21decb9cfa5d00000000fd8b5356fd7742aa33d3cab9c451a2baeb8c612bfd1f5b5ff0016d964a53968d5af4df6f54f9929d1e7f8d867e86fea5d7d2680000000eff4c47c7f379a36ead338d5567a68ae15c6108f22edbbbd3dd3fe2fb1deb895bab5ebd36769f33b6538bc9f3ead1e8ea4bbf49a000000039fb4fdd5997c8f269bb6e9d1759d8555d55c2354629db7eabf8fe36974eb91e4add3bb6df3a7cc9ca9c983cbcb2d7e958fa7d00000000fa3fbff00a5f5efa3cbf2b2b4e9bb44efe8e739c27de46157f21f444e3bc5fb77eb9d5e6ce5567c783cfa6df4767d4de0000000f53e9b6fb7f43ec6a861f33cfa17e9d3758ef7bdeb9c530cf0fe53478721ceb9cee8d7e8ecbe8f3ed53567c583073d2fbab800000039ef7bb5cf67b1f41ee6bed383cbc3472dd3b34aa8f3918298461fcb6eb95c615f3bd76ed3af76fd59b24e35433e6f3bcedbfa100000001abea76574cf57a7eefbbe85dca3060c592bb75eeb6baaaae108f2afe53ec846be1c593bb46cf4b7e8cb4a30ae9cd861f7400000005de9d9e9fa51cbcbf7fadedfafbec67c7e7e1c35e8dbb3b465a2b8bf94a300e0e75db7469f43d0f42dcb0e42b8554e5fa8b80000001abd4ae33f4bd49e3abb7fa1ecfafea6ed3ca31f9de7626adfdcf96aaff99b3534c7807095bab67a1e9ed9510aeb857cabd8d00000000f4bdacf4d7ceecf575e5c55df7fa1e9fafeb7a3a27561f33c9cd2d765747f38e7cb8e9add1db6d423dd9bfd4f4eee530aeb8421e96900000007b5ef5345144231bfd6df5e1a3b65db7d2f57d2f436e8ee1f23c5a6cbff009ef2e3f3eaa63de4adf437ec943365cf77a5ea6d9298d55421e86800000007bdf470ab366cd5c635cfd2f6bb8b250bafd3afd0f57d5f6b651e5f83e5ff00ffc4002d10000202010206010305000301000000000001021110203003043240506033122131052223344324414213ffda0008010100010802edebbe5a9e796e87b0b6ab71e1f6a842d7cf7f63d528a2bc472dd0f61768f0c7dbad8e7be7f51a2bc672dd0f610bb4787bcb610842d5cf7ccbcf57655e3b97f8dec21768f0fb64210b573ff2c3ced62fcb2d9e5fe1d842c2dd7a5f72842d5cff00c90f37586c6cbf3fc0f856da1762fb94216ae7bae1e668ac365fa0f03e15b285e31085ab9eea8797a2b0d965fa17057f0c76578d4262d5cf7e61e528a2b165eaaf3cc87c50d9595e2d09eae7bfcfc85145158b2cb2fd159ff888fbb7de2d5cf7f9f796597b54514514514566cb2cbf48657d90f696fbef96ae7bfcfb9bd3451451451451456bb2cb2cb2fd2975c490d6d2df7df2d5cf7f9f6d79a28a2b72cb2cb2cb2cb2fd3782beae3f0d1218f65085b6f0c7df2d3cf7f9f6d4568b2cb2cb2cb2cb2cb2cb2cb2cbf52e5ffb3c32431ed216e318c7e0b9eff3edacb2cb2cb2cb2cbf5ee4d5f3248921ed210b69e18fc1f3df8e1f676596597ecdc8afe7931a1a1ed210b698c63f07cf7f9f616596597ed3fa775f1064863da42da6318fc1f3dfe7bd6365fb6fe9bd5c419218f69656b6318c7a177fcf7e61bad8dfb7fe9bf9e2619218f65616cb18c7e0f9ef921b8d97ed8b47e9bf9e261921ee216b6318fc273df32db6fdbd67f4dea9e648921ed210b5b18c7a16caedf9ef9eb69bf73fd37af89964896da16b631e95b0bb8e77fb2f658fd0ebc7211fa7fcb3cb24487b685a5e18f4ad85dc739fd996a597ee68e41ffc9d124490f6d6b631e942d485bb5b7ceff65e9597ee88e51d7350d0c9224b7569631e95ad0b45769cf7cf7a1658fdd782eb8dc362d0c921adb5a98c63d0b5a10bb5b2ce7ff307efa9d34c4c59649121ed21686318c7a10b4a10842ecde19ce7df85795ef7c295c20c8bd0d12431ed2d0c6318f4ad4842176963671befc296179eb2fcef2d2fe189162796491243df6318f4ac3d084210b15d85e193e8961687e6ecbf39cabfe220c4f4491243df6318f4ac3d088885bf796c6f0c9f44b53f705b1cabea445919117964a2490f69686318f4ac3d088885d8b63796717e198bdf7977fb989916418b2c921a1ecad2c631e8587a1088885d83cbc71fe17efdc1eb1322c8b22f4491243d0b52d0c631e943d084445d92c3c735f147dfb85d6222c8b22c8bcb248921eca168631e943d084445d83c21e11ce7e387de51451457af43ad61116459062cc912435942da6318f42c3ca11110b79e87889cef5c3baa28a28a28a28a2bd6e3d4b084c8b22c8bd124490d650b52cb18c7a98f28891ecd888a39cf9fb9ad9a2bd6e3d4b084264590627968944921e50b658c7a50f4222474bdf8904737fd99f84a28af585f9594222c8b22c599124343cad96318f42c3ca22472f0f17bb122733fd9e2786af585d4b421322c8b22f44912449650b4acb18c7a161e510222c318f79112271ffb1c4f7e5d4b4a22c8b22c4f44912435942d0b4318c7a10c784448b1618c7bc889138ffd8e27bf47ad6942645916458b2c9224878427a1686318f42c3cc4891c318f7a24508e3fcfc4f7e875ad69916459165e648921aca13d6c631e9431e1320c8bc3243dd4450b1ccff6789efdc3ebd6844591645e89449446b298b2b4318c7a161e62c8310c63dd8a22b3ce7db999f9b5e870eb5ad09899164189e8922486b084f42cb18c7a50c784419078686b71223112c3673eba67dddf7ebd117e509eb4222c8b22f43248921ac213d0b2c7b0f31642445e1a1ed451188961c8948e37eee1c97995e8c85ad0991646445e86892248784c4f2b2c631e958798b21213c3435ae85123112c391291290d8fc756d2f455f9584c5a931322c8b23222f4491288d653d0b0c631eb63c264644262786868a28a28fa451140486c94c94c9486cb27d6fdf63d68784f5a131323221213d1244a23594f5318f61a1e1323223314b1451451f48a2258722532531b1b2f1c4eb7e468a28a2bd2387d63ca7ad0989916458b2c944921ac213d4c7ad61a1e2c522332332cfb1451586c94c94c948722cbcf13afc25facf057ee631e53d84c8b232232165a248921e109e9631eb5868aca91198a6299f51f51f50e64b884a6390deae2757bef2ebf6c98d0c795ad0991646445e868921a1e10b2b0d0f5a161a1e6c5214c533ffa1f58e6390e45ebe275787bf56e02fe11a18f285ad31322c8c88bd128928925942c2cb1eb4228686b4d9f5167d45ecf13abc4597ea9c0f850c6868794c5ad31323223213d124490d6565618d0f5a114490d763c4eaf157ea7c0f86231a1a18f29ec262646446445e89449446b2b4b4343d6989e2511a2b7f89d5e2ecb2fd4397f8165a1a1ad09ec264591910909e89449446b285a18d0f5a13c388d0d15bbc4ebf1b6597dad97e63957fb1e86868686b29eb4264591911909e8922486b29e165a1ad84c4f0d0d0d15b9c4ebf1f65965eed6bbf2fcb3ea13cb1a1a1a1e53d84c8b23221213cb2512511ac2cac31a1ad84c4f0d0d0d1456d713adf92b2cb2f6a8a2b5df95e07589898b3434345653d84c8b23223213cc91289288d616561a1a1ad84278a1c468a28a2b5f13adf95b2cb2cb2cb2cb2f34515e51eae175e13132f2d0d0d0d653d76264591911909e5a2511a1ac2d2d0d0d6c213cb4343451456ae275bf43a28af26f4f0faf2997a1a1a1a1aca7b098991911909e5a2512511ad29e1a1a1ad9bd1450d14515a27d6fcfd97aa8ad57e31e8e1f5e84c4cbcb434343598bd84c8b23223213cb44a2490f42161a1a1ad9bd1450d0d14514512ea7e7ecb2cb2f4d14569bf16f3c2ebd2989979686868794f6131488488c84f3244a2388d68427868686b7a8a28a2bc2d77d65965965e8a28af23c15fb9ebbd0d0d0d0d653d84c8c88c88c84f2d1288d0f1794f0d0d0d6fd1451c5fdbc393f0d457796596596597a28a2bc7f017ed931ad6989e5a1a1a1aca96c262911911909e6489a24b3784279686b7a8a28e6bedc1f115dfd965965e8a28af18c5c2fa20a2490f5d965e5a1a1aca91f92b52626464464279712512512b298859686bb0e77a22bc4d14577d6596597a28a2bc570a3f571a08922511c46b5d965e5a1a1acc59f91ea4c4c8c88c84f2d59288e235a2f434343dee7bff1e2a8a28aefacb2c4cbd14515e239457ccc46868944686b62f434343594c4c6b4d898a44664664659689449446b45885868686b779efcc3c6514514515ded96597a68af0dc97f690ca1a1c4711a1ad765e58d1594c4f5a626464464465a2512511ad16265e1a1a2b739efcc3c8515df5965965e868af0bca3ff00950d0d1289288d0d6c5e878ac2627ad31323223223316651251251d0b0b14388d6df3dfe7e4a8a28aed2b62cb13132f34515e0f852fa78b065e868944940711ad8bd84c4f15a931488c88484f2e24a24a235a1313cb43456cf3bf8e1fa9d96597a28af0709dc62c4f450e24a04a23435b17b11961ad4991911911991965a2512511ad0989978a1a28ad7cef4c3d1acb2f76cb132f4515e079697f0c45213d0c68944944687d82961ad484c8c88cc8cb2d1289288e394589979a1ad7ce7c71f48b2cb2f72c4cb2f3434577fcacbed24290a42917a1a2512511c4a1adf52134c686b4d8991911991968944944944acd89899786868a2b4735f0fa65965edd8989979a28aef781d4c4c4c4c5213d0d0e24a0388d15b8f298a47e46b52646446646626b2d1281288d66c4c4c4f34343456399f83d3acb2f6acb1313d0d15de70baf098a4290a429179a1a2512501c46bb08c8fc8d6a4c8c88cc8cc52cd1289280e39b132c4cbc51450d1cd7c3ea365edd89979a1aeef85d79b13131484cbd0d0e24a04a23456fc64276345694c4c8c88c88cc4f2e24a0388d62c4cb1313cd0d1cf7d9423ea765ed26265e686bbae175e8b13131484c4f434491281288d0d6fa6291435a5098a44664662965a2512511c73658989979e7be7af55b2f66c4c4f4515dc707af55898a4290997a1a2512511c468adeb2333f235a2cb2c5223323323313cb88e24a2358b132cb131339dfecbf574f693132f34576fc1eb7ad313131485213165a2512511c4686b7d4852b286b4a62629119919919668940701c4ac265962673df245fa0d76f65ecd8997a1a2bb5e0753d94c4c4c52131668712502511a286b7932333f235aac5223223323313cb89281288e38b2cb39ce88bf40a28a28a2bb54f69313d0d15da72fff00ada4c4c4c4c4cbd0d1289280e23456fc64291435a931488cc8cc8cb44a24a0380e39e67efc0f41a28a28a28a28a28aec13dab13d14515d972ff896dd89898a4290989e68689449446868ade4c8ccfc8d15a6c5223323323314b34388e2388d1c6f867e8b4514514515d95eca13168a2bb1e5ba1eed8989898a47d45e5a1c4940711a1adf8c8524ca1ad498a44664664665e68711c0e73f6f0ebd328aec53da4cbd35d872df1bde4c4c4c521484cbcd1289280e23435be99199f91a2b4d8a429119919919979a39997d7c7915ea15bc9ed2627a5a2b7b96e87bf65962629098997968944712511a2b7e332325868ad36291199199198a787f83fedfb027b4997a68a2b7396e87d8d962626262627968712512511a2b7d3233134c68ad498a4299199198a567117d3c49ad3457ada7b765e9a28adae5ba65d9d89962626265e5a2502501c468adf522333ecc686b4d96290a4466738bf9beaf624f6ecbd5456cf2df896d56d2659626262627968711c49447128adeb233148a1a2b4d898a4731fbb82597eaf5b49ee5eaa28ad7cb74cbb6b13131313132f1434389288e2515be99198a499435aacbfb51f82cb2f5d7aca7d9d15ab96e87dba131313131313cd0e24a23434515bea447885a650d6a975cb36597aebd613ddb2f5515a397f8bb94cb13131484f3434388e2388d15d846647885a63435a389d6f4d965fb95159e5be2eeac4c4c4c4c4f450d0e23434515bf6299199f665158e275bd565965faeadeb2f6396f8df7699621313132f3434388d0d14576164664668fb33e927d6f62cb2cbd9af525db344787f470d47bcb13132c4c4c4f434388d0d0d76499199198fa9edd965fad2ec2f4f2b0faf9889289288d7796265898a4265e5a1a2511a1aecd364dfdcbdcb2cb2fd61769fa775f1068944947beb131313132cbc3434388e234515d8cb165ef597ecf79fd3dff002cb0d12892895df58989898989e6868711c46bb1968b2f72cb2cb2fd9f959fd1ccc0bc344a24a235dfd89898989e68a1a1c4ac56f4ff00eb5defd965fb25ff00d90e25a4c4f0d59289288f345777784c4c4f4b43451456ef13f3b37bd65965965fb0f2d3fe1891909e1938928e1628aef5313132f450d0d1435b9c4eadbb2f7af165965faf72b2fb3446446445e1a27124b11786bbeb131313d2d0d1435b7c4ebddb2f7ecb2cb2cbdca2bd3b977fba4264644242961a27124b117868a2bbb4f084c4cbcd0d143456d713adf617d8d96596597b7457a5f07af099191191178922511a22c8bb1a1a1a2bbcb1313132f450d0d159ad53eb7d9597d8d965965965ed515e0ecb2cb2cb2cbefb87d78b1323221213c4d138e21217dca1a1aef931313132f343434515ae7d72ed2cbecacb2cb2cb2cbd8a2bbfb2cb2cb2cb2cb2cb2cbeef87d6b288b232212131a27124844258a1a1a28aeeecb2c4c5213cb1a28686b54ba9f6d6597dad96596597aa8a28af42875ad0889121899319023f8c318c787dd2ca16a63d4ff2fcff00ffc400281100020202020104020301010100000000000102110310122030213132400413223350235141ffda0008010201010800e8a4466291c8e4398e63c8395e94755d110db244c7a808c5f05f7f2fce5d1782f5659658d97d68e22889096dbec98a67ec1e41e41cb491c4adb917a891d2192264b5164598be11fbf9be72f2d9659658df44851144512ba399529782f542894515b722c48511444b48648992d44898fe30fbf9be72f0d96596596722fa24288a22894515a6d21cdbf68e36fd48c177a284848aeae5a8a23114448ad218c9135a440c7f187dfcdf3977bd5eacb2cbe9c4511444ba58e690f258a1297bc70a4524725da8a2848a28ad31bd24462450915d59227b8321f187dfcff37abe96596597ba38b140e07147a168e48e48e68fd87ec65c98b137ef1c490a29174398df648a122b55a6c932c446245085d1ad344913435ac7ef14255c7efe7f9bf15338948e513f61fb19cd9ca45c8f52a47062c4c5845888e3428a3d0721cb5456eb4909756c931bd4511108be8d699226892d6257382ff033fcdf8144a48bff00cfe4cfd6d9fa4fd47eb3f59facfd62c6858d0a0280a3ab1c8722f490a25754b75a6c931bd222848484fc1244d135afc6fed87f819fe6fb247a09498b0b1614858d1c0e271389c4e271144512b4d8e4396e85123028a28a122bab6498dee288a1216931085a7a689226868fc3fee8ff00819dff0037d3894909364310a29165965f8790e437d288c451f056db1c86cbdc442d5e9084224843449134491f87fdb1ff000337ce5b8c46d2145b642096afb596596721c86f75b4ac8c04bc56390e437d509899658b56210f724491347e27f747fc0ccff9cb5181269095b210d32bb56a8a7aa2baa446225dd6ad0e6873398df64c4c5239098a42658b72d3449138983d3343fc0cabfe932301b491eec8448add75ad514345765123112eca672391cc731cb54515dace4721484c4c4c4c422485a689222aa717f7d1963ff491e8912641105d28a2bc9428890bad8e5ae472396944e2289c4711c7c0a4290a426216d89e9a24a9a23ebc7ef23346a564e5a821776bc490a225dd8e43c63851c45014050389c4a1c4686ba5754c52131310892169a248c7f187dffc874d12762202177a28a2ba51425e0b24c48a1c0e070144e27128a1a1a2486b4847128ad213a1484c4cbd3169a317c7effe5cbf921fb912247c5e9ba28af0d8de96e8a2ba50d0c921ed3114713895a4c8c84c421adb31fb7dff00ca97f37a82222f0721ccfd87ec14cbf1d8d8978e868689446b484c45143435a4c521313d485ac7f7f3bb9c84408f81c894c790e6ce4c59591ca2989f81ed0d9627e1a2489449447a4c8c84f5450d6931322c4c7b87dfc9f39912285ddc894c72bd229147aa16464720a45f4bd37a431c8b13132fc3244a24a235a4c8b13db435a4c8b1310d6b1fdf9fce6451142ecd92912976a1a149a2331484fc1290e5b4c4c4cbeec689449447a4c8c84f7434342744591621a31fdf92fe72228485da4c90fa589898c688ca88cc4cb2f57b6c9486fa5962626597d9c49409446ab499191196e892d2645917ac7f7e70a9c8485d98c68a389c0e2ca6b49898d0d11911909f564e437e04c4cb2fb344a24a035a4c8c88c85a686b5122c4c87dfcd1f54c4bc0f5471389c4701c069e969a14a88cc52459659299277b4fba65965f66ac9449406b5646446427a686b498998fefe5f5a2ba596597b456a8a1c49406b48a1ad29d0a67344a649df45213ed658996597d5a2512501ad591911627a686842662f6fbf3f65d6c6cb391c8b10bad1289281ec2650d6ecb6574f54290997dafa5f56894494071d264644642d343426625fc63f7e7ecbab636596262626265f66ac94069a14b4d6efab858e2d16265f86fb34389288e3a4c8c88c84f4d0d18fe30fbf3f65d58c7bb1488c852db5bbd4a0992c6d1ea8e4521c4f5ecd1281ea852148bf334389288e3a4c8c88cb6e263f82fbf3f65d5a1a1ae898a4298a427aa1add9e8c94131e229a2cf438a381c45116414b4e164a0274290997e0bead1289288e3a4c84c8cb78be2befe4e8c6343435bb2c5223323314b5434514517aa4c78d33f51fad9fae47091fad96c8e416514ef4e0385162627e0b174689449446b499090a5ac5f7f27ff0bdbd31a2486ba59c85323323313d3435ba2bad143c23c4ce2d0a6d11c829d9e8c702a84cbf02627d1a2512511ad264242918bdbefe675427da8711c4711aeaa44664662958b4e2578780f192c24b08f1c91c9a23948e43d18e07aa1484fc085b6894494071d2910998be2beffe44bf92148b13eb434388e2712ba58a447211c827a68e256abad14388f1a25889e01e368e4d11ca472263498e145b13ee9898b6d1289280e3ac76e5144552afbf9e5ff4626291c8e4597d28711c4711c4a2b762991ca4720a65ea8a28adf3396a8e23812c489e125068e4d11c829a6388d5098bba65eda1c4940944c1fdb8d7df466f9cb5658a42626597d290e2389c468a2b76298b291ca2c873399c8e45ebd4b629b14ce7aa1c0962b258470688cda2192cf46389ea27d931317471b25023519e37fe067f9beb658996265f4a388e2388e25754c536298a6299c8522ce2701c0e2ca6726299699487025893278469c48e464668a4c6a8b2fb26265eda1c483b8c5fdffc85fcdf6b2cb2c4cb2fa514388e2388e2574b2d8a4290997aa28a1c50f18f194d0a4268687144f1264f151ea88e42324c6b49f6b2cbdb4627fc57dffc9f994577b2cb13148be9451c4e0381c0703895b422caeee2878ca68522d31a44a089e244a0d119b44322652650bba65ef17c7efe795cdeebc36589898997d68a291c51c4e2712bc8e289633d5098c71278d32788f5443209a635e1b2cc5f1fbf95be72132fa5786cb2c4cb2fbd14515ae68e48b5e194532506852ffd54ca250b2788945a233688e44cf4d5f7b317c7effe442a6ca658997e542626597e17afda2ca2ca2ca2c885345aecd593c7ff009ea84f52893c44b1b4293447209a635decc5f05f799f92ae4868712b49965f5a28ad56d3dae97d1b2ce4c53390a62c82c82c82c8298a5d670b1a7113d38938138347b11c846767a3ef8be0befe6cb7365a650d0d15ab2cb2cbf0569781b1b2ca3895d1314c590590533917b942c717113d38938593c635429510ca2927db1fc17df95a94ad4c53134ca388e23895bb391c8b2cb2fc1659c8722c7aae94515a4c5214c5905314b728722517113d344a04f18e15a8ce88e4eb8be0beff00e462a958e2d694a8590525a6868e2515bb2ce472391c8e472391c8e472391c86fc8f6a44664662917a942c92a62d34389281280d509d11c829def17c17dfcf1ba258c78c716b4a4298a7a68e27128af0deacbeb5e6b1488cc8cc4f52858d50b4d0e23812c64a15a53a239358be0befe5f64343812c64b18e2d69314c53392d52389c4a2ba51c4a28ad514514515d6fa59c8e4596721323223214844a167b6da1a1c49409406a84e884fd91055187dfca27aa1c4963258c70635a5214c531496a8e2389c4ae9451c4a28a2b7c8e4597ab390e459672391c8b14852232233232d4e1d1a1a1c49409631c4fc68f2cb04fefce29a1c0f5427aa1c478c78878c717ab67216414c522f5c4701c777e0b672391c8e45965968b2cb2cbd262646446445ea51db28a1a1c496330a50cb07fe03d521e329a396a8711c078c78870656ac4d8a6298a65e9c4711a7abed5d2cb2fbd962629119119119117a944435a6514388e34d320ee09fdf9be94878d31c5a39314b54388e087890f10f1b38bddb14c53148b28701a68f52cbdf11c468af2589899164644589e9ad3451451434627fc52fbf91fa22cbe948704c7068b68522f54388e0878c78878c702b56c5316414d1699c4e3a4cb1c4711a1a2bbd0a0d9fa99fa98f1b4716844591641917b6b543456a8c5edf7f2fb22cb2cbeae298f194d0a4725aa28714380f18f18f18f18e0ca626c531641491e8ce27018c91218d15abd2446088c10a08e0878d0f1a1e34354448322c5b6b4d74c7f7f2bf6f1b4992821aa131316a8a1a471438a1c50e08704389ec2932336466267ffc4003011000300020201030302060202030000000001020311101204202131051340324114222430335134501523425261ffda0008010301010800f42a26c56773b8f21590aca3bdf1d4d1af42319feb8a28b2b8c64987f42fcffa73fe97c61f0c6c6f86334753a9d4ea75148a058c9c628148a4487455a45662f31590aa298d6c8c6f5ea542c87dd1e62b28edb3429346b9746c4491c228b2cae2192cc5fa23f3fe9b5fd278e33b0e86c7ce8ea393a9d4e874271938c58c9812d70eb45642b31598ac83b1b299a662f1aab4c77870a49fa1f3b36685229346b9aa1bd92898260991a24a28c88b5c49062ff1e3fcff00a5ff00c3f1c7c3e1891a3a9d4e87db3ed8b19f6c58c50246c74564d1598acacac85641d9d99b64e374478ca56ef3f9918d398cde4dd3dfaf475148a44bd1b43a1932441302912e10ca2d17c498d98bf463fcff00a535fc26018cd1a3a9a148a4ea75149d0e874346c749159522b315918ed8e98dbe1436478b544f8713faef3e1c5fa7c8f3eded2bc957eee70dd7bfa7468d090a4d71ae1b2a8d896c8926448d7a18d168c8b84637f0635a98fcff00a4ff00c4c3c68d2348ea75149d45275149a1d4af979a515e5a1f92d8f35b376ceb67dbb67d9b67f096c5e0b7f2bc185fa9ce0c465f3a23f4e7f3ea8bcd544c3a3178df0dc63497a521234246b8d70d9543624449324a17a1ae1a2d1910d718bdea512b4a57e7fd23fe261123468d090a45268d68ed2879d2f8797257e9fb196fe5785fed78502f131a3ec6242c7891ac48793121f93897c5f9d28bfa8b32f9f5ee64f2e9959698a6a8c7e3ecc78651ad0ed235e8d09091af43a4550d891288449227e86b868b45a2d7183fc98ffe83e91ff130b10842424686d21e55fb77c95f1f6fff00bef048fccc73f1ff009043fa81fc79fc731f9ac7e6b2bcc65796caf2595e432b2b1d6c50d91808c090a12368bc896cbcfee6b85c2425e96caa1be25128942421317a5948b45ae3c45bcd8d7fd07d23fe1e14224d091f05e6fda756fddd64c38cc9f5295ed397ea37457974c7e433ef33ef33ee9f798f333eeb1e563c8c74cf764e36c8c088c491a42676465cc91973b63a6cd1a342425e96ca653e65128485c21310b87c522d192468f03fcf1ff41f485af1300912b8ac8a51bbb65563c69b7e479efdd2bcf76cead9f6ce88e8872cf736cdb3b33b3e3ab62c4d918858d2168d9b1d2465f21232666cdbf46b9d72d9543a1be112489f098989885c3421a291924b4781fe78ff00a0fa54ebc4f1c4b8cbe4249a511593deb2e59c53a5e4f9354d9b74c98486c747636348708e87db3edb3ed3161271214a46d1b3dc5ffed5a9337905db7c68d7adb43b1d8ebd0892589a13362e362e1ae69168c92782b59e3f3d9f4d5af17c71fb19fc84bda70e376f6f25ac6bdbc9f21b6ca7b64e8ec31f3b3b1b4268da368ec7737c247b245e448cb9765d6f94b8dae171d91563c83b1bf54b150a8546c54266c5cd098d148b93c6f6cf8dfe7b3e9f5fd2f8e66f2349a58e2b25094e393cacff002657b7c2676363e76763b1d8562b3bb16c9421bd1797464ca55ef8d0a448522b3b1d879079075c68d1af4ecec76150a8544b131313e297b0b8a45492b5921ffd07d3f3ff004780fe6c9460c7d64f22f467bdb29f0e8ec2c82b4fd6b84846c77a2f29797653df29090a49c7c773bb1d33dc53b3a1f6ce8381cfaf62a15134262627cd7b313e2914bdd325ee62bf3fe9795d60e878b8f7ee3fe547937f2657b63e18cd8a89c9ea42170ef45642ecd8f8ea68488831e3f62b0958f474140b1938ce8753a8e47239f46b95c4d0a89a1509f14bd85c345498bf447e7fd1a3b2cc608ea8cafd99e4d7bb320f8631f1b1643ee9f711dd1b47642a3b8f21563ae34753a9a149306382ed4e91a43c67db140a4ea753a8e46868a43e51d4ea6b84264d0a84cdf15f2c9e2a4c3fa17e7fd0717fe96c95a9333f66677eecbf963e5c8e46bd1aa3f98db158ac563a1bd8f948ea29264c7225a4cc95efce8ea6b96686868a452e6588ea393a9ae132685427c52e10cc5fa7f3fe858f5e34b1bd233d7c999fbb2863e18f8ea4e327c6742f0995e0517e2b43c5a35ae17291d448d1324c9125d68d6db37fd9d0e4a92a47c2259268d0d0d712c9a2684f8a42e317c7e7fd1f1f5f0fc72d99dfc9947f2cd0d0d0c67531e17461f10c5e1ca178f087821993c28666f035b664f1f456368ead7091ae123a9324c88b2316d1b13fecb454972548f84c9a26b8d0e473c264d1342631f18ff3fc05af1bc5464a33d7c9918cd1a18cebb3162d983c631e0486922a99de85945d6fd9e5f0e2919bc3d365e11e3d1a12148a4d1322453227b18f1fb1b62a1337fd868a92a0a81f099344be343935c27a268962635c62f8fcff0013dbc7f14cd5f266a2eb97c6888db3062f830e24b42434391c952c54d18eb664c3348cfe368bc43934b848944ae1fb98316f463c2b5ca62a1313e37e96392a0b91ae151344d0b872343426d1344b131a30fc7e7f8d7fd378cccf93e4c9453e36334246293024b443367b1d4e88a82a192da64599712a5b3378e64c6393a8a4484b8c51bd18307c131e8d8989899be77e873b2e0b81ad7099344d1be3435c4b2592cf6662fcff000fcb57e2603264db2e86fd0912884637ad139747f108fe250b348ae59a4ca82a096d3269332e2548cfe3b4cac6d1d45225c296de8f1b011091ecbd5b13131337cef968b82e069ae132689ae5a2a78964d12cc7f9ff004dcba9c9055ec6f8d7090a453a2509e87918f2b3ef327c8663f27e0c7e4226e690e532a744d3268bc4a919bc56561a47568d1d59e3e06dede2852b86c4fd5b131313366f8df2e4a8d97035c264593427c3435c4d12cc4f6bf3fc26e6e91bf4244c0a4ea25c5954cdb15326d9195a30f93f063caa90d268a968544d9b4d7be4c0abe327895fb7f0f462f1dbf9c38d48c6f89a13f5a6266cd9b366f968b8d97035c264d93427c34342268c3fa53fcff19ffec62627c244c9322c67da3ed8e5a2e4b43e1084da31790d68c3e42634a9178da25b5f2a84f8e9029846d0df3ee89a1509fab627cecdfa19525e31cbe1326c9a13e290d09e8c4b511f9fe37f91f0848944c9104c1d078cbc6cbc6cc98ca9e113cc6572cc3e5fece7245a2f11ba96464134cd1d4d33469715098e1a13d1346ffb3b36cdfa345497039e1322c9b13e2a468c5fe3c7f9fe37f91f08422198c8468ea3845e232e12f10e5a364d09896cea6dc98bca72d18bcc9af66fa57c3c4d7ba5753f319b7f2aa59a47b0cda5c39d958cf742b151bf5ecd9b37e868725c0e789645935cd498bf447e7f8bfe47c2e2591463a31d0988ea5499312665f1ccb8745468f8151362a4cd263c66ea4c5e554fce2f3a5e93fb98ac7897ff0015de459a90b39fc41595b2728ad70e365633e0542af5ecdf09fa1a2a4b82a789646426f8661fd2bf3fc4ff002570b844bd11663c845ec9e343c65e2d993c632f8cd17899f02b1641643ee1da58e51ad7c2c9724799724fd405e6c3f9fe2f11fc5621f97026d1391a273139367c951b1c68542a157af7c2f4345497239e268c764d718bf4afcff0bf5d9d4d70844b22cc5909b2685c752b1993c7deccde2997c7d153a362b159d8ec763b1d8ec763b1d8ec5602b0d0e690ae913989ca7b32b11d5a13362f5266c5427cb45495254f12cc7909a30fe95f9ff4d8dfdc6381c8e4d709e89b23298f311909b3b7a2f16ccbe26f666f10c9874c7ec772721dcec763b1be5f1f6cac3b2bc72fc71e3a42aa44e6272afdf4a8ac67ba1509fad310b968a82f1953c4d18f21853e93f9c8fa4e0ffd3545621e31c0e46b8d8ac8c846631e62729390ec6c4392f02666f097b99bc42f168db44d8b21dd1d91d91d8ec763b1d4ea392b1a2b0a2fc72b0d236e48ccc9ca98e531c68de8edeb4c4c4f968a82e0a9e313dd4a2575513f9c8fa4e3d7898478cac63c43c63c6741ae13164232919c8cc4e4158a8df1508c9e2cd19bc132f84578f48e948db3bb3bb3b9dd9d8eccfb877368d23a9508ac28c9e3958da1534c8ccc5698e131cb42627ea4c5c27c3454150541e32de6c69fe7fd2bdfc4c0343943843c63c65631e33a0d70a9a159195919c9cc465d9367637c384cbf1a5997c1464f0b45788578a7f0e7da68fb6ce8751ececc590590568f63a9508bc28bf1cac6e49b688ca6d32a7fd7ba13f5262627e8709978c85d7263a3fd7e7fd21ff49878d0d0d0e4703c63c63c6381ae1364db44e56466d139c9cbb150ab96b65624cbf1a197e222bc52bc72b022b09f691d51d078878da3542b62b3b26348a845e1464f1c70e48cad119531a4c72d0989f3ae3626266f9725410f710ff3fe8f5fd2e34d73a1a1c8e4703c65632b10e3468d31362a62c8d1399939c9ce4e54c568ecb868708ac725e1456245633a1a3468ea87087890f1b47ba1589a1a45422f0265e0d1ef263cdfee6931c9ee84fd1ae1313366f868c2ff00912fcffa3b7f60542af468d0d0d1d478cac65621c33abe550ad8b2b16764f90c9f205e48b39f7131d2632922921ca291a346b9d21c26561ff5aa42a3698e532f1a664c08bc6e49c8d18f2a7f3a4c6b427eb4cd9be30fe95f9ff48c6ff859a7a684c54266fd0f8d0e531e32b18f1158c7035c6d9b67662b62c8c9cac59d8b38b29df63f7e1fab5cb94cbc5febde7e551ec5419312664c3a36e4c794549a1ae17ab6266cc3fa7f3fe9d8d7f09e2eab18e19a626262a37c3f4b4391c0e0a81c1d473e84cec2a15b26c4c47dc47746d7f66e132b1b9153fdf698d17065c254b9232344654d1eccd3f5ecd987f4afcffa3e7df898e5aa96394c789158ceac5b426266cdfa9a290e072391a35c35ce98892048fbc2cc2cc2cc2ca85684d3f5349978bfd7c098d151b32612f1b4c9a6991945498d7af661fd0bf391f46c8fecd22721394572cd265631e31e33abe7b1b3b1d8ec76363631a18d73a34b848992205276158ad8b2316516516616515a151bf45e34c72e455c5499311931b4c5ec465d139533e46bd587fc73f9fe07d3ab0f8b89ba9a9164689c84e516447b31ca1e32b10e19d19a6699b66d9b366c743631f3a34752608c6440a45275149ae55139342ca4e4164151be6e15152e44f8a92f1ecbc235a15b446615a635e9c3fe35f9c8c2e2f1e3737e3aa3278aff00678ea4ecd0b29398594568da675967443c43c4c78878c70ceacd0e58d31a6751c9d4e8ce8c58991849c64ae3afa3468d7098ac5909c84d8a8df170a8a9724be1c9705e21e3684f44e4688cc6f7e8c3fa17e7fd1bcf9bf1e62a32c3349978268c9e2158291ba44e52728b28ad3151d8d48e64fb63c63c47d91e13ec9f64784fb27d862c22c22c24c1ae37fd97caa27213905427c5c762a7ab13e1c9505e32b18d684f446626f7ce1fd0bf3fe9b99c5dc98bcc6b462f3535ef39a5af6f663c52cc9e2ffaaf1a90d548b2b1661652720b21d8546cdae74754394743a9d4d73d87476feeec9b2721362a1171d8a9d3170e472541788a86b89c9a233718bf447e7f87fe4a26c9ced18bcc6b5bc5e6afde334d1edfb542af9bf197ed7e2958291aa42c942cc2ca4e415ecd9b3b0a8ee2a3b1d8ec763b1f707907676f4ef96cec763b1b36762689b22c5422e363f67c68687254158cbc635a1568c791bd231ad447e7f830aae8a8d70ac8ced18bcc68c5e713e44d684d3f8697eef14b2fc64578a560a3ad49de90b313989cc8ec98c66ceecfb87dc3b9dc74773b1d8ec76368d8d8e8ec3a1d1d8ec763b1d8544d1364e42684cbc7fbf2d0d0d0e4a82f19527873df3634ff003f0dd464dce3f2bf6a4a2fdd3c6d7c0ad939a918fcba463f3991e627a4e72cb36394fe6b0cb2fc54578a560d0f1b3f990b2d227c8272cb3d9fc391c9a7e9d96766763b1d8ec6c6c6cdf1b366c4cd9344d13445935c5c73a34345495056230251971d7fd063f95c4dd4fc63f29af66ae2d0f0feebad23b344e5688f26918fcd68c7e711e5cb1644fe10d48f1cb2fc74578c578e3c6d0bb227352273fecd54b1a4391a7c6f8d9ae7676366cdfab66c4c544d11445135c548868d0d1a1a1c8e34d321ee65fe7e097db439e555231f974bd9ce68bf66f0cb5b5585a3dd0ad9395a23cba463f3998fcf7fbc7992fe6734b1698d263c52caf1915e297e3b438722c9489f21939931e9950391f0e072391ff6b66cd8992c9a22886263439d70d0d1a346872617fc897e7f8ab7918e47039e5534479352479537f3a8af75787f74e291b689c8c599a23caa31f98d11e7323cd4c9f2258ad7edf256296578c9993c42bc6a439b9166689cfbf9752c73b3a8e47254948d71bf4e98a19f659f618f1521cb426d12c9663a25f2d1a1a346b8d187e3f3fc1d3bb1c8e470381ae1a3dc9cd5263f33fdac917f1588ac4d0d342a68fb8c9cad13e4d223cc663f3991e7b27cd4c9f25315cd0f1cb2fc64cc9e1ffaac148fe644e66be565452d36865146868d71b11289844e342c68fb6878915890f148e74490c962e5ae1a35c68c3f0ff3fe9d3bab63434391a1a1ae1ae66ea7e31f957fbc5f72b1a2b1a1cf1d98a99392859a89cf447916479368c7e5d9199b3e4ac30cc9e2c19704a2a747ffc4002a100001040200040601050000000000000051015060704161022152801122317190c1420081a0a1b1ffda0008010100093f027e2fc127c5f824f8bf74cf8bf74cf8bf09f157e13e2b5e7bd781fb73e08fdb9f07edcf4a3fee7a5ff73d2ffb9ee1157e9ff73dc70bfee7bafb7fdcf755e69fc4f74ffd33dd3fe127bafb7f093d0ffa9ee785fc24f73cbfa7fca4f7a92bcc2f8bff00e2b3e0fc27d8e4fc27c5f84fbdebc0fc67c1fb2b5e6ebc15e613b7835e75579d55e755786bccf3af3d97f8d11f8f03dbc0f8733dbb8af32b3efddf8cf4a3fee7b8f15af02bfee7b9f147fdcf71c48ffb9f6511f8cfb1c9fbaabc35e14af0d79ef5e612bc095e6527c1f8d798ece8bf7e53e2fde89e549f1af0bf61567c5fbd38ff00daf3d7879cf8bf667c5fccf4d786bc3dbbfa70f9abcd7dd782bccf956bcc73fd66bcc72f92f35e1befffc4002a1001010101010001030207010101010100010011102030213140506141517191a1b1f08160e1c1d1ffda0008010100013f21f81924924ee59659659659102cfc06678f4e111c1e1e1e7fcffb79218e0888e1d4e9e3c78cccb29e1f670888e07818f00ebb7d66fbbff7f7ff00e2724924b2cb2cb2cb22109967e0b33c7c91111e199e7fcffb7838470474f959e194a59f84e91e4861e08f5ff77f5fd476db6df882cf9324b2cb2ce99059f88ccfa222223c333cff009ff6f5b1d0888f6f9666787a7e1387070e670f21b33c6fbffd39b6dbf2844c3e5cb2cb38cb2cf1bf2659e1999ebd222223c3333e70e1e0223d333f6f0cb332f0f4fa3a7da088f7b294badebf7bfe0fdff4edb6df9022287e073defc79641e56d978f5e9c2383c333c1f47eea7a70f01e475e3e8ccf0cfbce91111e06d8e12e3ecb79b2cb7fc3fbfe93b6db6db6fc991003f1c1bf84b2cb6dbf01c22223c3337fd0fe7ec888f8078f878ccf0cfc391111ec6db6529759e7f9aff7fa46f37e6c884d0e2c5fc3df9b3cacb2db6db6fc2444478666ff00b1fcfd11e0188f2cccf1999999667d65967823e11f0379bc6ff1dfd1b6db7e5cb2213e8716b37f0b7e6cb3c32db2cbecf644478666c3f7f7d8e8888f2cccf59999999f908f8497050dbddbfddfd0f6db6db7e4c8870d09ad597a1f84df90f4b2ccbf311111e5bec867f43fff00b3ece08f478cf86599999f07a3870f1b6c7819701b7f429b6db6db6dbf0e59675397d2c4d6317b9041f9a70f0b2cccfc27a2223cb7db1ff17f2f84430c478678f199999e19f07c059eb3bb6c43287cfd9f966f81b6f8cb2cb38d5af4ec2fa4c6b58b6f8083f38f4ccccfc479222223c309c17f21feafbbe0219c31e99e3c678666787c391ef7ac70e4b7c7d9f8e6dbc6f3eb63f180196585f4be969c35ad6316df19041f9b9641e599667f048888f2343f997f98fd7927b239223cb3c78cf0ccf48f679cb3e1381863bff4ff00cfc5d99adf5b5e061617d3cedb6dbe80c78336db7c65907adfc822cf4cccfe111111e7fa297fb7d6fbdecf3e9e0894b83ca4f19e1e8f378447a3d32f76df23d0dbcfb3f08db799d32fa5bf840000db6db7d641659e5b6dfc720823d33f39e488888f0772fe67fc7c5b618ec79678933f7e8b87a47c49c59f888f05f67e01b6df5b2cb4f8dd0db6db6db6db6db6db6db7d059f06cb2dbf8e70f6cfce79222223c607fd9ff00ea1c04fc2a5e8ccccf0f4786c447c01c7c3c7d1c3870f9c17996718d7b36db6db6db6db6db6db6db6db6df79659659f02cb2dbf8e47b67e07e03c11c2223a5b7fc0ded0927c9c3a2fa43e5e33e41e91e88f4f19f04444708e17d9f21bccbed389ad786dbf92167c5b2cbf90447c0fc2fc27922223c7f8bca21f5e19f0708e14311d78ccfd2223d1d3c3c67a70e91c239f77c46db65938e2ddf59f8b965967c2cb2dbf1efce470f0cf5ebf29e88888e8fa9ff003ef184633cce9c3a23c999f810707a2399e19e678239904459dff1df857817dba0bdcfc7cb2cb3e3d965b7f24b23db3d7f1888888e7fc9fd67ed187b8f21e0f2ccf75e047b223cb3271e844411041d2fb5ff00bf5f6b6d8c12e7062fe4e59659f22cb2fe4e41659f033f88792238239ff27f5e187293e4e912e8e333e59e91e4e916732c93c65964105905907720becff90f4b2c104f059fc6cb2cb2cf996597f272082cf859fc43c9111c1c1f57fe7df89bd013e0e1e81d667c93e07922383b9c64f210416416782c97fe4f95e0412f0597f48d97f202cb2cb23e27f14f6430c312fecf63084f83874e847199f0dfbcf0e0f2470441659d4b2cb2c82082399670820f245960838a52fe8fb6cbf8f9644cb2cb3e7cf873e13d1112e17d0fdbfefc04387c9d238fb238cf0f7678707da67a4701047524b2cb2cb2c82cf390445fe274b2c438b29fd217f1b2c820b2cb3f132cf85f47b2219592ff008fa9e80cf93a47043c667c1678747c1d0839965965925965913381dcb3d31658871652cfe8cb6dbf367bcb2082cfc4cb2cb399f16793d110caff00d4a07a3e9d24f0474888f067c367c0f2742208eb2cb2cb2cb2cb2cb2cb3c8fa7f91965e0827a3fa3afe0659659659659059f8b9e32cf1967c67a2d886fdbcff664bebe0fd3b49d223847de251d67cb3e0719e1e111ccf196596732cb23c6cc67f6749781071999f8b7f337f132cb2cb3def8db7f0f3e63d917ed21fd8edf537f9cb7a7e9c0424e91e0e871f467c8ccfa010732c9399ccb399eb652ca3f4dff00e1f698e0e333fa33f8059f1edb6db6db6db6db6fe2b3f11c7c917f0b64fba77d94787844444470313d0f67a70ccf0f3c786ce65967b6596783e930fb701c6667f5638426f8db6db65b6db6db7bbd23f099f0f1f47b22d3eaff0012fefe709da1f59e9111c223a9e59bf8f0bec9e1e1e38859c649259c2cb3bbc596598b29ff0077fea3838f0cfea847762106db6db6db6db7e23f15f8ce3e8becbf92e91e48cf08888e1111c7cab7f1e1e07879a23c393f0316df00efbffdd0475e19fc2de6f8dfcc3c6db0db6db6cb6dbf291f88fe10973f73d181bd31e088e112889f28f4f03c39fbbb9eb38f596de3e0197d6ff1b83acccfeacf9db6db6deedbf111c3d3f33e5f247a2fa1ff003fff00af14b3a34ef0e9111e0758c7bbc383edc3c3e446cf565b6d9657de09dfc6fa7f78111d6667f5338fc3bf39111f1edb6fc1927c23e89e7c55651938704708e0e3e59e9d1f0fbfa1c7af978f1659613f6e42fa4bfe73c3333f879659659659f9afe50fc0fbdb7da4f1f447925f4ffecbd9e0df10fa7088e92f048c613d3a33eb4e3c78f76deacb2884e7ef1bedbf7fa3c333f879659e81967e53f96431f033ef7d249f01ef0cfc1a8efdeef2714a3a4431c7931e1e1c7f0e1f81cdb6db36db36db2cf45f69f05f6bfbdff31d6667f032c8221e806bc32cfd4b6188f4ccfccccfb3cbfef432f3187db89a789138a51c223a793c89e91f6f01e317d6679b6f36de6ccbd27817d62fb67f2ceb3333f3e410440b3d64c6259659f8e7e50c3f0e49f33c4f479ff22253f74db1d83c2528e90c4cc63193a747878c71965dde6f59e1c59870fec33fd75999f9f2082083d6db6f126319967e31f94436c47b4b27defb67d1e3fcee0ca5e0f5f4e8e6f0e138fb7488e3c9f529fb43878c74cade36db7af49988467bff001fb1d667e70820820f9526249659f8611e5fc621886df4cccfcccfa3bfe670619799d11f5a3c528e10cb8f07813e0466252e8f556fb5f0bd08fdaff3dc667f008208f94e649249ccfc1220b3f28861861b7d64cfcc9271f7fe674865ec598fc66ca5d256f184230e938781f273e330fc863cff0092e3333f3110447ca7592493f08820f8dfc1d861863de4964fadb7d271e3d39fe649c38bcceb3a76fbfc07d665cb78705fc26108c3c2bf846627397a59cdf0db6f4dd87d790bfcb7199f9c88e1f3ef1924b2cfc0083e27f1461861f81249f67a678f83899e110f25ee9aeedf6ef23c5e218619e04213d251878928f8c3e4f33845ff001fec4ccf1f9888fc464927e62083f40d8861863da4967c8ccccf4bec7fecf9194fe270a7efd970e0f8a15f72131db7c18f76debe426d3967d2d87fe60fed2cbf82447adf9f24927e50841fa10c30c30fb4924f9599f0f23ef33c38be0a9bf87bf90ef097b87a4a10e3fafa5a493d3d0ef7d2979eb8ff00dfda5fc6db6db78db6df95924b3e30841fa1910c30c7b4927e03c333e3fcaf03c1894fc1a3d3cd7a2f11d31e19f037dc8c91e11fa3c8c964f19e875339422e6ffa36ff006fc33c6f36db6db6d86df912492cf8841fa310c30db1e9927d9e199f1fc494baf0865e664fb749ee8f204a2793d1e9293e90921e7fb91249bd84f096429b9e329e24d34fe77d0a7f27f336d861b61b7e3498967b0847e8e430c30fb493e13cbc61fde93eb612d9f03e896d7d37d698790ef0e3f84230e1f031087920524deabe04eb80203b1af3fbefa3fabf9db0c30c3e1f8324924b3c04107e9230c30dbed24b3d9e19eff990f33d25e6c363afd7c2390f01e0c3c1184f91bee701c42fb7c89be8935af8c0df4232fdeb4bf7f9b37f183f20c30c3f264c7c0047e9630c30c3e99249f986ff007b093c99cd865dafb7cdef46f81bed2e03c189231924f04acde43863c7814b159b362fa109617eff0051acdb6fbdfd0fd0b61883f3659659f0e5967e8430c30c3e5e249ecf7a2ff221093d8430f99afabba7507170d861bee423099f0329379b12dcb0e98c1b127a1af6565e3cff0049f81967e18c30f73f1f24b38fe80430c30fa64924f8f2feac739084c292e3d219789b5f33cd0e2944329e4667ca949bc849c31d45fe7c2f87ef7062faff0049f3659f8db0c41e678dfc11e3ccfd088618618f4924f9d8e6f7fbc5c8424997d65b259e07c97687b21e2943287e93184cf82529ef12ce6c3f099b2fbff49f87965967e08c426f32cfc21879967e467c7b10c30c7964927c9e47f7d7fcc7b024bed6121b3c10fc057e7a794312b61c84f9194b675d449f91effa4fc4cb38cd9f3ec3107996776db7e51861e64967e82310c30c7a49249f3b1cff006ffdc3a02124f23eb24f3621f82a94fa782d8650c30df7e909f276137a6c4b3e5ff59f21f165927e10c4203b9e36db7e41861ee59fa010c30c3ed999f25b2ffc57ff00f67c9493dbee4f4887cac6c75faf69b8329430cc7909f0432e49be2c6671e67bcbfd47c647c79649ccfc1d88438cb2ceedb6db6f56df3b10fd144430fac92499f0317d1bf941e279204bedcfefe765e46f63a9a79f0780ca193b09e48e866f9d49259f0fdefe87c847c8964967e16c421db2cf3b6dbe19e4620df4b399fa06c4316f964924f23628fe8f0de0df04092fb72fa327823c8ce9d3be6050c32861d84f04474befe1d6312cb3b9e3fd4f9088f9324924b3f0f783ab4be97d2fa5f4be97d39b318ccf1b6c4df19f9e310c3e5b24924f2b1f40b893d53123e8f3fa324f461f036f03f0002861947d7c189e0e12e1b3ae8b58f0cb389f80888f932c92492cf937e0df903cce18ccb3bb0c3e5fce2218f59093cffa587a0709e481239fde4f031e5340f4dedfd4e2861863c589e0889701b3c2ad6312cb26fe37f97f391f1e712492492cfd03278312ceec30fe8244436fa61278fb7fd3ff00e5b0f020f13c9c2429cfe8927818793f7c1e93e601861e1bbf018708620f1263cac6312cb2ff003ff008f93249249249fcd937b964c6259dd89bfa090c3e99213dfb7ffb36c3d026cc1e2848738fd193c0c3f04d04f6c5b0c32947d7c189e4888837de498f4ac63c3fcf7e09f3a49249249f96294a4dee4c6333a31378d9f9a430fb484f07f8be37a24d93c10261ce7f793c0c3e6901eebcdb7a0c32e1f7b4ee24f0888e0c31cc98c63189f45fe46cfd55fe6fe16c7cd924c492cfc9db6210a529d64c6313a30fe790c30c3e9249b67fe449e0618a36df7f24090e73fa3278187ce3ee74def8e1061e07d60ef27818618886dea4c63c19967e0916dbcdf932498c4b3defe0edbd084294ba73263189cd861ee7e5ec30c30fa492febd738271b6d87a033e4812fb72fa3278186c7c5fbf7538ac9c20cb80c9dc4f0430c470f233eb7f60f19f81b6db6dbcdf8f249262593f06fe0edb0c4214a5de64c63139b0c3f9c30c30f960df6bbe86ff00558c24b3c0c421c278812fb72123e030f93a3ceedd4781e0a5c41ee259d18618623ce5f4ff0034dff1eb3f036db6de6dbf1e49318c4b3e0dfc2db78210a41e61318cce6db7d3f1b3d6db0c30f86d1ff8ff00bb6fafe28493c0c4213464f0025f525860f030f93fdfcebf6ba0c31061b378fd487818618618f9b67cfb6db6dbf2a4c6319965967cf967c1b6c421ca51e24c6333830fe616c30c3e3fe18fa7831f8a49e36188309e404e6703c33a4791569d07a8dc18622979533a430c3c1e97f8efe56db6dbf364c631e8cb2cb399f0e59659659ef6188429079924c7a187f2f6d8618618bfe07f284fa7d09e3618841f0189ccede493c0f833f7ed6fbf137a2f630c31c04fbf4d8967461861f1fe3fe4b7bb0db6db6fc99649319965965965965967bcb2cb2cb2cf3b0c4214a4de670627361fcc1861861b3ff819d4b5f2b89e8620da4c24989211b26c9d21927f062138fdad38e12430ca1971d7652ce10c30c3dfe27e736de0dbcdf932cf21965965965965965b6f8cb2cb38cf1bcd887420eb18cce6dbf98430dff0e3738de670d78358c9e8620db324924960f3cd9c74861e7fbdcc617a49dcc3830f406ceab3278430c3f8919f3edb6f37e7cb2cb2cb2cb2cf1b6db6db6dbdcb2cb2cf1b6c4214a3bcc98c4e6c36f73f2361b7e97ef7aff1bc078cc28bc289e36d8626f124924851e1f4783cd861e3877b4ee878d7ea430f40e1e56333a30c37dffeeff5f8b9f36db6db6dbf3659659659f0edbe06f72cb2cf2310e120f126313836f1fc8de6daff0051d40f3216fe171271f230dbc4924bed6508f14ce10c32f1f0c3bc07ab949f58651c04249e74b2ce6c3f8e99f81b6db6db6db6fe4edbe43799649678db6380a4de3c2f43d7f27ff402768a26f12d7c2cf2259d39b6dbc4924bed65c0d7c1b0c796d889e847818e809f47a2d6677fc27f232cf9b79b6db6db6db6db6dbf8fb0f070de259678d863a138498c78db7f29e7f4bd3f3bccf256f3124f1b6c3d612599391b670a7461bebf869dddfa38f063c00d1927c91f7bf4c36db6db6db6db6dfc7db78293799278d8621d26f1383d0fe4bff161f4541378cdefd9f04249e761b6de2492439c741c139b0c3cb1bf7b91b0ef1d7841138701c04fa4c6bc9f4ff51fd3b6de6db6db6db6fe4ec426f32cf230c701c64f027061fc7ff5bc18f25928f1c83b1fb13cc4f44772492fa929070b73a3c3f7fc2829d27a6a5f52380e8378cfd897ee0abfd7eabb6f37f2b62136c92cf1b0f40a3c78139b6fe37fade8c7a29a3f08ce259e76df09271c89b0fdb8e7465c7f7efb1c89be8f34eab48c310e848592dfdaff00cfd6cffe4c621c249e463a11e24c66706dfc4ff4f8d863cf2c83c4861f0cb13d16f19249211c34e14e9087887fbb03f7e97771beb1c041f507fea9e33ff9217869ccf230f40e326313bbf867fb1e76df63c2b89ed59324f1be1b2492fa9670447876df43d6b7df8860bf6b9b8b73810e11ff009ffedeb2cfd6738cb2cb3f0b621c659e3618e026f138333f107bc43e97957d2c9a7c1679e0cf3be592c906fe65f41c53a30c7439dfcfb5fb7413c09891084faff96cdb6fbcfd740cb2cb3f00781c4f230f404e6706274fc01f5ffccf1f43e83520db21c35f053124f3be12c92dcb1899d7079b0c3c5fc1bf4e7de1e86166437d47ee1eedbeb3f56cf9000659f28f01e679d863807ac6333f04ff007c92c93d8c7c2d0478c38bf06279d8e6712cb251bf997d385e0b6d8f20dd8ebaf1fe30cfe8737bb6dbe73f54cb2cb2cf4078659659dcf886384f432e0ba93189f81ff37ed24924967ad863c85886b89e78b0e09ef67b925a928f21d714eec3c32e88414ea6df93c7f8dff82ceef8db7f5ecb2cb2c9e19659659f18f4cf430f03c126249f37fc7fb75249f837d8209478f40d3f04b3c9e19b2fb4a7f1bf9b6838b333bb11bc66161ea5fbdbff00e2ff0066627c1bf0e7eb196596592719259f11d1f430f407b9c189d3e2ff009bf6f0925927c0429ee8a4861f1ab12cf2752c924852c3f8ca907edc5e86188dc1799308fdafb9fd27ea8fdd5e249259eb6db7e1cb2cf19f9b967bdf9b2c92c92cb2cb3e01e07b1878107b9318c4f8ff00e2fdbca4924967bd887a2a83ec935493eb7c249c53889c189d18787ee767f7e219fced77f86ee493199ddb6de6dbf1e59f97965967e4659259259259f01e07c90c3109bd498c667c38ff00c9febd649249659ef6380f054e10f08273667c3925925a9390bf7e8e167361e0f03f207ec7d7fa3e9e924b2cb3bbddb7e4cb2cb2cee59659cce659f0659f9b965925964925967a1e04fad8618841f193189f07f947faf812c98927bde053c8d37a13e346332cf812c92c847036432cf80c70e77fea711cb7ce496596777c6db6fe1e596596596732cb2ce65967e7e5924c4b3d9f085b0c3106df0c6333d0fed3fd74f59249259f00c7a2ea70f9103c12cf79259259c53a821fb714ce8c313ea4bf832fe23f9391084df39c2596776dff00e1b2492492cf43f1030c30c30f8c98c4f3ff0037edf1a5924927bd97b05819986f8758ccb3d65924967372738147851eec3f5be986c31084df39c659259ddb7ff8464924b2cf43f1830c3109be126333a7eafea9f952493dec3c0f210df81f8b33af96c924e8e4841fc629fc9e389c1f0b6188426fac92cb2cf1b6dbff00c1a49249e861f8b6d861861f193189c5f51fc9c927cb9249f00c7a0183c67cbb18c4f4f1b2493a226217ef6c3589ee10e04df59659649659e36dfd7f39924924f9197c5b6c30c420f8492483a7f3edf99249f7bc08bc0a7193e4cac6259e72cb2492c9e7d6112192a21d5f5ff5fdef042137d659c659659e36db6db6db7f4ecb2cf912492ce3d50fc65b0c30c3e12fee3f43fadf66be86afef267cf9c4b24f80e80f154799e9b04924e678c924924b3c2929031fa3fbd967bdb782106df7965965967adb6db6dfd172cb2cf59659eb2c92cb249249f0a1f93618620dbdfab0dfa8ff00cfb7f9bebf2c3b967c6f324b2cb3d0c701e289c27a30124b2cee5925924924967815f73fce3acf7b0c42109bef2cb2cb2cb2cf3b6db6dbf939659659ef2cf9f2789249249e57c9bc1861863837f68cff00cfe9e3e4c8e67c796596496733dec7902949f47a3fb5d978659675389259249278fe0b621c659f06db0c426dbef2cb2cb2cb3dedb6fe2e59659dcb39967e23c789249249e07e52d8620c37d0ff009eff00cf34efb8ea59f265964965967b18f61519f241c93ce4964927124b39fc3dd88749f06f438136df59659259659659e76db6dfc6cee7e53324924cf461f9c6186dc7f0ff0033ff00d8e01ee650c5927c996593c492cf430c792e09c623acc4999659659649659649259ec189a732cf7b6db6c746fc3965965967ad86db7f4ecea7124924f043f36db0db307dd63fad97ff0008ff008b7e60ef0c863eb3199f1e732ce3ccf5b0c41f028f124b4e6d6313cb2596496490fa3e0d89bccb2cf5b6dbec0df832cb2cb2cb3c6db6db6fc9bfa13332492493d187e6db6db6fea38b73834e0d22338c66312cf89b3b967c036c30f8001196493d2bc193e32cf197fabe2d884d389659eb6db78d8e070df832cb2cb2cf3b6dbf1edb6fe80f124924999e8dbf38dfd0cef4c5e6e70fbf7d9e5f7e09249f1e59c4b2c92c9f04430c780a27124e83c09249675b3997defe87c9b109a732cb3dedb6f804386dbef2cb3a278db6db7e0db6db6dfd019926667c0dbf3e01fccf18927363a238c566f06332cf0c7bce249659679d8780cbb674f03c0cc9e271e659f3ad86209ccb2cb3e0db6de843a37de5924f0cb3bb6dbeb6db6de11f87b6db6dbe5e3c649267c9f3acff00cb0f88c539a9cb2bea593c00c493e4cb2cb2cb2cb3c6c30c780e41e24f40ccb26259670bfcdfc1d884de65967bde6db6fc0036df39659d33c6db6f77c1c3f036d97dbe5c5bd6666667d1f33fa7ff00618f027739f4787d9b0911ed12492cebf2659259678d861f22a0e24f40d6249649659f881b109bdcb3e2db6df84036df1964f0cb3c6dbe4888f9b6d98c63e8021ddb333333f89fed70657d4ec6d6872ce48f23eb3d6b18927e065925964f06d8843c51d921c5ec126c920fadfe4bf18879b2cf8b6db6db6df00e04df19c3c199e4e111f3b3333f011c3acccccfa3e60470a6ec9e61189b7dd27cc0e859f09e1f0cf93a224c98eb240812124cf3fca7f208fc43c91ed99eff00ffc4002710010101010003000202020203010100000100111020213130415161718191a140b1f0c1f1ffda0008010100013f10de9f7c1361d04e09278810843931220716d96db67cb3a3192f89e8f221e110f0c1c38f759907c943619c26c39b6b33e4b4e2c8f6c325f52e5e73f64fdb39cbbcc8e88fbe1141bc0260c79396c38386f1f57b1b62d1e78f83c66df166678cf8e596742cb2c820b20b20b2cb3c77ab2cb2cb2cb2ccccc74e9e097c782ac7c7a5fe8e81cbd5b2cb6dbcdf138cf8378784789fc471f0cf31bbdf822fa9ca4cd8f843c1f38f194cfa4fcb726d9667294fabb4b6781dfd9110f711c888662716fd2f74e7efb666d0619bfe7ff77999fc0cc78659e396590590416590596730b0f06db66318c5b6d978f1b386ff0086c7c0e1dc92785af8710e52007165b6db79adbd20b3c1f16cf0f318f0884c28337a4447ea529cbdf85eaf57ee66f892738cb2739929ebc30ce659d222d743d43d47cbfb491032fa94e5ee5d133b22ff00782fd4f8bf8f38f8659659cc82082082c82cb3c76d9678316596596debd07a446f896c3c2c9244dcd9e3306201c5262db6bddb7a1047049e2912e1be9ea0f0f338f008f07fd8e4f7df8ecf5f65295f5c1e1fbbe2f8e0fc9e2c2da53e0ba30b2cb2cb21041c34fb0e484b6196d8c7de09c9432b2fd332730c4fe61eaf5fca9659659659659641041059641e1ebbb2cb3c19b2db6f96593b65ef2125ef81cde11e196719659dd98b6cf16d6db78443a3659783c0b2948e8fbc1c39727916c13f96f44b0e3f50b6ad4e507b8e067ef13b37c4fc9e2994b852f7db659059c6310840870737833dec5bd3929188c4a4e24e1ff6f1fdf93f7f07be659659659659659659659641659e2f4c6318c5b65965e6db6f32232c0599eb8abc37a704b4b4f3d97d71b2cdb6cb2eb6dbc20820b2d25f0018c59784cc703d1ce5d487630124e1c2fabee7ee7bd020f73cfdc749fb7c4cdb9399cf917d4bdcd9c2c9384703c0823c488cfc8f7f00c76f72db5b2e3135fde6c78f83e19e19678659659659659641659675f0599b3165b6d965b65f1c6148d97dc92f075e1be7b6db16f0f0de16d96deb2f37810440ce32f802c6318f099e11c29f9663cfd9fcc18f7659d7b31267c9e7033efbf163a3084b273eafae778104c7026410642116db0f1bdc2f07b9c289b31eaef83c799659659cc8f02ce659ccb2cb3c996598c62db2db2f17af31d850e584fbcbf82699957bb3f16c3cdb6de36596df25f7cc8221039b2e0f40b2cbef9be04e110ca73e77c537f8f7fc5acc19e07d9e43c7ddeb7bca2cb366f8cbea1d33c8e9ddfaf199059041d0d820d8780e6c36c3c61042c39c2cb33ebfe8dfaf2cb3b9dcf0cb2cf0cb2cb3cb6d26318c787f06364449601322e4ef4ceac3cb7c76db65cb785b6de1c66d8821041cd97d74170596deef08f93c23c0bf1b18fb423cc76ff908319f02252becb328f91df496f661ea499f965e4e53c27c3d1049ccb21042d9786262de8e5ed966dfb2e7d86db33f6f98fd78659e396732cb2cf1c83c76db1224c99ad66db6dbdcb2d5ab70a15fcb04b0483cde49656c585cc2c3c77cb7bb36db6bcd638b6f0208410eaf614a52f9ef0c90c30f8371e02f45131fd047fc6fa9fbddbd465ea77cad8e57a86f6715f1cf8b2c70bef2f09c994a5883616059659646c4780eb67016e5f129924e3da18e3134ff00e7cbf5e19e596161c3c0f3524c89f498bb4deef7636eddbb70bfbe80e3810259deb017f8a4eeaede03d1c83c5fc0aedb7ab7cb6d97a4208238ca72f7294cf8ef8988e1ce7cfc78d930fafa2fe9b3feb11c8f73f9bd444ef7749ec43b27a92c21ef87ef09eafdbb29ed89747f51dcb1bdc110412736db78cb2d5ae7df19882dadf6ff00ecff0017ebf06733b9659659c3b89331dcad8a2b76e3bca5c58b166c70c8a269241c3fb2fed938b35e047681ddf27c1656576db6d276d7c1e1110e00b38b297252999fc0313c1894e733c697ff00dee090ec0f807fa3d41bf2c9b38b110b29fc94edc9c8f91217cfb3e12137ef365cb94dea0701eacbe730b0846c1059bc238bc16d98f57d7dc3dcb32d7e705eb9fb97c41ff87a49e0c62848a181d8c9ead252d38c59937f9499fef3fde6ff006dfdb3c0d6b7778110a10113c5fc678f36dfc22102083aca72e1999fc044f087c5dc781a3fbbbebfddfbbebc04fdb84718e0cfd948886dd9380e7dc21ca253966099f820420827d7ceae1b6cf019621e8389ae7fde879e59ccf2d9add5b6c28802d99b1c27c7daf36b1e0a952a6af954b2f4239484ce7ead94fe01eb2cb6fe0621d01675965c33333c4b3c1eaf039539f8dfb98dfa23fc0d8fb61f6fa9e3c38713c9fb976419c1c249f783b3eba14ad88f07362082220e0f053eef92dbbc18f711f61c9044be5ff6bffcf0fcab354d8a280fb612663fde7fb5fe77f93dbfcef6fdf8779bcde6d78bc165ee6f028416782cfe301e3c7ecfe108410838f165970cccf52cfc03a70e7cbf5e1fddbbff00f80c6ab603dcfcb7d47be1047d23e1de56f1e7c70211beafbe17bbea6fa6f07d4226d88883a2becc9c2fb847ab78310f71c97e9dff00d9f11f8178eac36336842714972edf6d76d5af3f9e866db2f4bda294879165f10036f767acb2dbf80882108f0665c32cdfbf23e6267a13c9ce7dfa8bf9ccff00937b9b25bdef730e3c387e9d5f2691c7dc90b338fbbe897d9fa94a7a3f3874beb82de3e2fa36db3c0de7f6e49f0fdf5f21cc3e70fc0b935f71b808223eaba9afb5b6db6db6db6db6db6cb6db6db6f8e59c09904796fa9eb165e6b6db6dbd6d99f2de110810822c9e33c2ccccf1e7d7e02c7188e14a738e7ee1ba7ebff6c37b5b251c5bd987be11e0a974169cb6f0cb277a99ca532f0637eb8fce1f3923e46c24b385f53e1382c8c6c7de46c16ad45b03fa874f1d99a61300fb0fc6741dcbbccb2ce32cf1deedb6db6dbe2110870cb3878ae8315f0db6db6d9785f3d3c08208705f1c7c067a7c0cf1fbf8074619ca73945fbbedfee6e9eed0e7f6c865fccfb59ee2fa8844a73de378f0b952be6fde44d870219c6d88ec1ac4cf5d3cbbb2324b23930471823020b38fcfbcc88ea84f1ad9ca78115db226596139cc2492cf07f087042103c367c367a47c0734b4bddadb2cf8e96dbe2108820e13c7a33d33659333b23c78f44d89e6e4326539cf8fddff007fff005beeaf632421ee5c86d08fb7d47d8cd894d39e870499fbc7cf65eef558d9ecfa8dc96587f984ecc0b53edbbf7c00e190bfcc1afae4183bc819c420820e937f8037fe67ddb3c729dfc8488fb10fb7db969c0583bb6f8fab2c92c646c6c6cb2c2cb221084cb39ebc71e2c07517f233f84823808408ebc7a3f264667c1e33c78f89f9d194a529ca3edff7a7f5929b247dbc85ef67d911c1f61e1f250e90f5672f9f8e07de0fbbf7c259ce7ee5ec208b08d7db0b12af4327b924e3314a58a0444820d8e06bfab63e782d8caf30259d35c238f379bddefae65965967802020eedb6f96cbf8443cde2f5f10823a021e2f1e8c9338c965924cf124647c95fa93c0a5394e3ec5fe9f920cb2eb61bb124b2377817792259395f10fab7911be2f995ecc7dc9108fa9949fb1294b61e8845908921c124b2cf070f6e2408208404cf9b0646fa4ffb5bf59d63977911117b3c3020eb3c7c76df3cf2d2df2c83ab3c0b36f81f837f063c0a5290708f078f0c9325924964c93d6664ebc0cf4627e152d6c89f9af618df7bd9ca755b3b363b39cac9191e7e2129c7ee7811c2666de83c00a824939318289a5870105a8e02f0d19eff00514f16f5c8b32d94a07800f0e6f5e3f7cf6de6db0dbddb6db6db7cd663c0b2f91dcf25965e86c4380a722659678bd49924f73124938f12499924933e0ac939b90f0a7c17bbfcd13fe3b3a5f5bdb0f01d8c7a9de84fe5867a5b7c76f995ebb7ddf737d71ed3d25e030b6e198cb37a0a59bf7679316cc66082360d8e010f77fcea65bd722c778bf397d27b3d39be2fdfc3b6f36db6db6db6dfc1b2f05965f20f1cf16fb67074a5311033c0f27c12c924926312c92c93893c33e1f7c4e7ee18652e5ec80ab8299fd8dcde68361b7b58fbb383138b652de1fae47b869cfcdf3e3efa871f1c37ede7d5f108f008511ae9b3be27081d0208840c8b718e7f6b4bcb682bc4c0f188f86db6f87efc76de6db6db6dbcdb7c43c5e0c62cbe19e216593524924b2c8874a18339be2793dcb2c9e0c664c49267a92492264f5c1c65c4e10f8806d7717fce82d37a6eff009bd2d86cdef67aa51d7dcdb392c6d9f9e4dfb85f60e0fa9998beec7222cacbcfb31cda79c408e0521ed07836c27fa94fdb7f9d6e9fefa1f1294a5e6dadb6db0c36da7e4de9e0478ecb2f059f2f7e4164c6b1f4f022e240f1db6d879b6fe265964f0492498c49242499b3dcf19c7c92784a22b287ff00edb34759f23f5c7e5baf57db09859866d94ef88e174331fab3d78630841b238f993a6b38418448c1624924de18fb7a85031059101df44f07b36f6fe75db27dbe14fd4e7c2f96db6c4db6dfca70f9e5bc59662cb6f9e59641041673249e0183020b0fdf16d978d2d2de3190c36c7e3c249249892493324848493d2720fc938430ca57ff00cec88681f3db3fd17a19dd3d3fddf69f5ec7c8e5c447d93c225ea3e4617ac9bf6879cfd70f1f25f65ae90786e3c2397f840b1851c0e2920fb0f0c373fd7f9943ec2ffb11690843259fa9f2cf9b2b6b0c30fe53cf652d9652cf5f0cf0220871b1965964167365e1e2d6e3b90e031f8dea1212492421248c924c9e0e204e447d894add648e75d7fcb97cbc361bd8d8297a5f71f67291e01cbd725a743bc3e7afee3c27df0df04a5f2c21c1b2f70409d588c6beccfab0834b20b425978fcffb1a5a21d94f9733e0f59f0d87f29c3c365965967c1f1ce1c0821e004db6d9e0c785f0ed5b6c418652b78fe478908492490984933c19df67a43297a9feea3fd2e3043a83d5a6dec6631c8c3397ae87de1dfa4396e97aa3ea3f61ea3c3e09f3e07ddfa47521e8e801898fe0eab11fd41e7d2f9c62f80bea78fd2ffec7f687a217c4df1e09f37f06db6da7e4db6d965b659e3e078e4164217c2d8ecb588f06b5af2db6db6db6d8619430c78edb6f93d492124924924924f19c7ce1e0c30cedd6f2d8e7bbfba7a71f65e8f9b7d3d5f78e714a73947573d20d8461eaf97abd5fc9eafdedfa5f05f71f45e9cce7a380e2e5b3ee597f77f67167f6701d1783ca1f2ff11ce339767cde3c7c36de378db61e361b61b6db6db6d9e3f94208412e12f07094f1e99b2db6db6db6c30c30cb782278fde2db6db6db0cbd492c849249249249c625333c21946fe38ff959f1d4f0398fadb3df566a498c44bb1c2dbd04fd4b4e447ec7dc63ee7c13e42f99bf5e160e443d907573d5b7d6d92c65df02d59743ecf0e6ff00919ffb21e88ccb3f08f9bd7f0edb6db6db0db6db0db6dbff00807020bf52b7a31cce4cd97a6db6f761e0ca50ca3a93e0db6db6de13d484924967be9ebf5c3b3d1959ff00609ea3d92faf67067d4eeed937bafbd90ce7d072194fe43eb83d5a0f010f77d4f1f17b41847d5997d5f64fdcbd5f7d6db69fc9296fbb13de2e0da5e898f5a3ab1bdd26cdfebc46f899f1c67f03c7cb399659e4706dfc278e702c88211c2f96c3c6db6f96db6c36f9011e09337eed8e04d86deb24f0249249244c39c1f733bc384c4fdade8fcbddeb23d9ccd2d6c77d75894be782b19f08ce1d23ea10f518f0fa4a5ebbb1f6ce97caf8e7e0eb6d2f42df72cb2b3f52ca59b9fbb864c92f722c3dc7c74ff10226539f0ccfe067c72cebbe5e6ab24b3f31e44410416e12f53f876de696dbdd3a30c3090f01887c1212493b6db0f418ee12701242491b1f7258ca5a48cf831fef03677b348089cb4279898f5f57bdf50cb47d849ce7d7048e3f22cbedda33f6253dc20a461eec6fd27897cdfa5ea9b1efe4e01fb60b77eca5b66ba95c97a490578604f66b9b1c03f5181c787cb333f81f1cb21c5391fd796b1aab2cfc4781e58c411c3659ff008830c30cb82863acc9d196186d8589bbd64e82493c7aed99e12cff002e4d7c79119064efbefa39864f767ba7034fbc3d1363dd8cbf89f2437ead464de03c078926c1eeceda4be4bd97ebc8d940b73866e253c14c7d386a57d8580923ecda5f13e7ff0085c333f08cf9bc7c3221e144a0b1267b1635f6b3f3e41c088e33059ccb193afe41b618618e05286dea42109f01b6186dea49084249249383ee53963dc1fc172e97cfdb1a12de366f4b65b657b23478848cbf5c39f4186edf4858763f27ec9ec37d76fe5a7321a05f1ea0c7bcbd58fd9726ed959cccd9c4b82eb19097a9da3cc6fbba719f243e19e4cc1047b4bc538932f57abd58497acf355332c7f09e041c3af059649327ae671b3cf6df11861e90c31ccb2492781279b6c36c30dbc64849c12493aa26ce7fd24ba39a4ba7bbe11fae8e937b7920ce8cf87a2f8d784ec25a5f1132fbd870c990e7ab38e91f6cfd9fb9ee7f53f93bdcb727bd856d7f99c5b3359f72c25d6873d2dac1a335d9dd13fe3c7872e19ee7e108f11a05f2596de84f4c3e0e3599679059059d22238bc085965924cf9678e59e4432e445c1e0c9c1824f0d8626db6c924908493270973324bd3fc487de7f1e15e690fa83d46e3f9e8a3eb66fe2258ef1bc10f068ce7a7090872119fbc2f765ef3ed27bbee73e1a12bc3b4904c6e7adf57ccb0cb2528ebb7bb2f516bffa1ff05c65294ccf8659e41e217841c678f46186c1e3eeea3199ccb381e19c082ce3307016596490b24b26cfcdb0c32e0f810b7a9084216786db0c5b13249084924f06564c20fa56f45eeb19f49b4f77cbfb83d7413604d0b3df521bea0ec5873f62cf04693869c0f33eece2c65a582db197bbddfe783b3847d72b83ed2ef3d4cb2fae0bb109e03f75ee8f606529cb2cfe40876878bc4b27a32bec87c3449996596789111d6610f2096592496496496773f12f11021e093042493c361861de6c49bd84e126cc861e1da31ea5cfe77b3ed9e7b9dcf76d9ac66708facbf489bdfa985918fd399e707dcbdf023ec8f8d03be03622dfb9fb3612f51c95ab5b3937f27378b2cfc9fbdd835b4be30cce457ece52e19fc3964108721e2cb27e7324b3aa1e0f0c124b3a59d3f00ec6783659649643df8659e4f86c31e02143e0924f030493e0420ec4713782424849e03a73dd24b187e5ff005d9c107af71faf72ba33d7e9392103bd034161c297bb360e4d7d2691d939f0bef07ab2c4e1f28309f67a8fabeefb999b87bbdad66594e1e37854547afdcb645b09fb6bf67294b3f88e108727992cb24924e0c31c03bec6259659673381e241da0b3c92485ee492cb2cfc1878110f8800c644af124838091d90cf0d650c36db31849092c8651dff00230f70826ecc3fdf68c9cf748874351fdcfefd446d46f8da1f6fd43c89fb7a33fe20c34ed36c678b1bf92d0bdf7c6212f41202625bc61f6dedfbe2121c665dd22d5322b32fd2f598e729fc6c3a1e0086dbd5a78b7b924b38430f075049e41e63b6107e064b24b24f7659e58fe0222f0217864927418f88fa861e1c1084213b3296d87b92621e5efe3967bbd646e43a71c489dbedf6cbe6ec320a3116a4ca533d4e27df73908c7dc24f7e0e91f7864c12c5326f5a91a5eddc4c654b5334965292f099644261089ebf67fe03ff00781da59667f1111d1430db6dbc6dbe09649273618667aa125965964733f0481f85e3249ccb2cb3f30f91e0278259ebc204f1d861ea4918424939abfeef434842c97b86c1bd917abe307a813a82a26136f6f123c005993e23b30f518fd84238b1e1b13c196708cb523d9d279244999d9e8256d9fddf2c2c660301bbe8fddf1c5073ff0094dea965967f1911110dbc6eff003b7fcc4294836f524938430f05eb79b13c0f067c060fc078b3259ccf27c1f252f06170e7eafd49d21278ec3287890842492658dfc0b79f6490832d25fbbda5ed39fb4b7cb73a2df7cb53b64b7cb16fd57db7194b8788c523f61671be71c1ca58d965f3b60906fad8bcd82c870905adadf3b342310bdec4c7f32ff7ed2fa25967f11c23c1b2f1be0ca5394830d92492706187c4e6659659e21d30ebf80f07a9efb9c4f5e2fe0195eeeb915b7d99248f01273f7316ca187821092492ff00dd6296e49ea485b2e59a5eff00b7cbddf0f76dfb96f46297dbd583f33896496d0cb8bde05ec87031eac786caf5d8593629eef9f00c97d7d593b9c92cf727db48733f5b293d5807ab2fb8c583f6fb7bbdefb8f63e827fd43fb609e3f888e9e1b6cb6db6c3c1d29c84de249c1861b764dea63313c73b83af53c8fc19dc9f9ccb3278f9ec32f05b486fb7eb88649d049bf7e030cbd44c9242484891fc263d7fb9be9804249321cbd9c3dbf6f417f741fcd83ec3a73ec2ea17dbd164a1f7c201ba4a5ea3a3f7421d6c127a5b9c531621fad8e7bb4cf77d9403d137f0487eaf6ba64ff1b57f816cfc87d7a2cbde7141fd84df77f7dec7b6fafb9fec8e3feecbc7cf2c8b23a475965b6db61b6df20a8ef3212736d86d8f73af05599659d70f17892789e79ccb38fcb3c5fc23e21e6a186f5c493a8c4927a3287a212490d199366361f7d43a4c34e0e3ea7c31b3cfb7cbdc1a7bb02fd443dadf7d4fef098dd2717c796d1636ff0024139fdef7c64fb1f3c313e1b7f559c9939f611f66f9fb8d2ceea5df90ff0088feb2efc8d9a4a71df6cfe464fb6fe557f6b12efb97b7fcfc7f0e7320b2c2cf333e645be438c927361b61b6fb21e8bc0e0112f367a9249e479e71247389258c964ef86788bd03ee1e0903a62493c06186264924b13fa23db012e3cbe924ccc88dd871bdfed2e06c20df0418fabdafab17e48a9f797a086625a5ea95dc38fbb926757b9ec097dfabdb387c9be273261358d0f645352fe8ca58407003d2441f64facd77dbee77e3336ccfb5f57fc8e05a78e70220b2cb2cb2ceb2333f8463c188ed849237b8618f0f560c9e4a7e1318c493f3364f1b2799f9c281b799093b4924f82861e24925eb5f5e0ac28db6126c93f78e69ff0052cc7d6cd2d00599e9bd21ea1f7ea3c7d4ff00c5fe251f7342edfae0fb5f57b231f1be70ccbe165f098b51b1299eef59eec86a598c6f57d2fe71187d2fa4c1f76f69fbea2fb916fbf1e3e74e841041659d324924999f123c47a2384232131248b61f11b6db6db7cd09e066437f2e71389649258d8f73cd7813e88878c90b59e492c9f56c3110f1255fe1e9bd97b7907f5c8343593d4278ece72f4fea3d2cb23fac844f5dd872f6306d4fd905851bdbc55f2e00483399f6c7c07190767631f2cfe12ff0cdf3244962139fbbf84b59f4bf944afd6fa6c6cf53bcd65967ca8f0082082083a659249333249cce9e631e060989230c418e677df8e596745b4604931249f2db6df178f86772cee70e0cbc4b56c33eec924ed09939b8c450c74017f6960f7eacde793194108e0fa59911dd7f52e9c0fa60c560ca6f2296f7a7a3b423cf3587d8782c90b4224b37aecf90c810ade7d9593b2e497f99d99ddbdecbe3470f9c220882082cb2c93863189249e4798b2f0080c9b31e061861b2cb2cb2cb2cf0c921b4786249271fca96492596719659671e96c45e0d287af808496754310dfabfd849f5e1f69f7922adc6f0189312b2be5388ed837ca3f4e6df7884f71e6def7d4fefd498e30a5eff00b7f74b2f4c04cb7bd8d9c39b6c7de9e6c631b7d727367837bbdf173d5bead9659664beb99ce3a707830c44411e1964c62421313c08e1dcf03a636f4cea62444210c6cb2cb2cb27c073c05f4cf03124b2cfcc96733c13c4f01780abb9249e160b3a3115fa81ff00d7f783934faf0d218d924c1d0c44f3c32cfdedee3db7f7db9e9f6f45c36dacbeec15c82336ef8ed7a85ee6db1874625617a81631f26909b8b11b19e36496f136cb38c74f9e04443c11ccb2cb26498f0249249d186188ee597bb5b0f071a324c44bdc310302d2d3af779b0f541bd493199ea4b3f2e596733992496786deaf92f101123ac908c213d1944dc7f83ff6cf6937b29ccb1a33ee2c27a212714ace6032c73ecba7b6f86ac7d89af5022e486c2931b2cb5bd1c8f2024b8fa9359218f0fb0c9e9ea0596ff04b2cd2e485933dd9c4b2c9fdafa7f5e11d18861e1431e59c498f024c493a30db0f0cb0b092ce6c3938842331aabddb1dd88169690759c189870d12492493d492327e6ce675f96783d2194a0e030f33649e3f7421e22f649ffced3604bd40df7f52fbf52c86cf1aa6fdb082464b0be44fed944f738fd94cbe5ac799fbe82097df025fe2cdb1b2f014e246df7d596e1359cdb653be42c4816787dec92a79254924964ed84905ff00d9fe3c0f121897036c4730b24924938bc0c493bb6c430c37ae65925910bc040368ceadd8d8deed6d5ae156c98c4eed8496b7b4c49893b27e6c2c2cb24f5c78f88c311725104ea43c304f0f65ee7fb843b052087ad7f6d9c90c0843d413b2c329c45827b8fd7b83d1b11fbd11e81bf88bedea4164cb048f3ba2969f27f731b248d874a56590de873fe99679e52631249996497fc207fd7e122194a56c703c52c9247800c4e996db0c36db6dbc493d59cd4870bf9bfb6141b6fadbfcac993264c9858f001cd9cd8867901b09249892593f972cbe9249664cf90f05cc218e89d9e1e274fa58ff00e67f6c296a4a65f4befeaf437d3b698cfeb18f110439d0cff7609ee31ddf91020337a2fc2fbfabedeac5be3e2c2882d96c86f88a12529fbbd71a20d7abfa38b4fcd8d47f1270cb3ddffabf80e6c30ca528621f1cb2c9263e15189cdb6186db6db6d89bdc92c6d6d5a85cefc41e7927f89e1c66b332185d5119c924858c967e64f07cc8652e0a1878c93e9c7d7249c2787ff8f562e58de9b42d1b539fdfd71439ac63843cd2df70d8f0cff762fd251fb6a1ecd8ac7a57adbebe9bfadb051eb8e9db5a5a6fa80df5d1cbf709294ba209233f9b5fd17f4c7efd3cbfade0b2b67da107e25fbe1110ca56c36f96364c4f2141eb6d86db7c761b6defaf1db6db6db6d3993ae0dcb8b1863a5fb2492492493f91927892671f1194a5c8836f334921eba09273feda7d75360f76d6fae5b1f2c37d5fd361d40f4db7894b3c0b17ec6f8dec35b6cf760f4df57bd2c17d364fc8f5e3fde8cb62cb7d704923e44bd433b0e7a97d2f5debbdcfabfa1bfaefeb6fe8e2cfa9ef837f016fa86194ad8b78772cb2c9f22a824f0db61fc3b6f36deedb2db6c71907d74eedec38bc0c701bbec9249671fcaf12c93cc61974861878c3b264b3ddff004e7d470e0f1d8bda1fab67bbe97b1b0e3a2c4c846c99383961c7e76697acf76996c74c72fa58afab16104fe0afa2dcf0c13a3ea7293fa9bf76e7e2363b7d5ecf0f86798c30c30ca186d86db7cd93f10aa6c30c3f876deef91d4ff6710a4326cefabecf928e0f500f04c4924933f2249649248ef90c33e80c3e09d1125b6ff8a4f77ee1c6261d02696e75b18c8af9ec21e49c2c39e7964927ae64f3e992c6f7e984a41763d73d2cb80e3c3625e90e9c294a1b2e2b649f2bff009ff20ffa37f980c9249f8b6186186228618b7cdb249f127b13bb6c30f0ff00c19e113fb38031924efc5c7e43d511b24938d9f91e3c7cf6561e0a0c33c43a62fe00cf7925996f0cef97bb78398c988d87c2065cc47826773b3764b3fdb7f75f2f6de8fbbd97b1f459ae9196e4d6b38f07fb48bfa6c5fbcf2361f00133e4709c4b81c0c6f620ff007eaf4098925967e2d86d94a21078db6df3c927d3c5855259cd87dc3c6fe45b6db5850a21d3b73061a6430bf39ff4f1748ccbbc7d326cccbd486cfe26cb2c9fb3cc7c48f1000f524e7ed9c47bc39b09e82eaa3c74db4366fcb0587615dee0611f0c796734cf36c3319f4f711bf5cd24c94b433e36a3e1685a9f23679890dc39ac32ed29432e212268ede9cfb5a7a924e12492cfc430c42108418836f9e5923c165fe254247a30db0f1b6db6f8fab4eedb6db0a3ca8912101e61b4f8f873a90fa8d924927e54919cfc030f8830c3d17e97df41fe5800f6ddfef7b53ef0625b0b38cf1e1ee06dd8dfb078642a9860393ea3e43d372cbe2df0bde4cf66d3ef04b7defbe594e8cf24b2c23111d9efab39985bd34e1a930f7d3267fdb47fac592596493124b2cb2cf31861884210621c16db6f1e324c17c145988f76db6de36db6db6deeda5b6db6db6db1070b9bdfe6b7b4b094b6e6d2ef6428a2ac93dc96732cfc4d925965aee3c188780818e0bd56cd5fd807ff0045a270fa8ff8df503beac9f8659bcb0e8e7149efe6e00628b1e96a427231c5f51ea1926989ccf77c1d6fec8882df4e00d33d43efd17db239bea7466de79cf03266efcb39832707c0a2e0884e12a99fcfa2fafe2eec924924b24b38cb24b3f00c30c40c421061b6184f1c9b3c004e0d6b19963e3b7bbdf9b76776d8618878c241fdc0feefdc0db734945f38eb7a64927c8f367893c78f547808186dd6f7f343fec1db2edbecdfc5b9f531fa9cf185c8bf9e78b3641e8ff45eff0092227ea57f607dbeed3e4a2f90c9b2b1b23ed965f1f64071611382fa36fe99fdfa85beac49ba43fcc12696df09f7e4a3f26e713e150c10e7174f9649659259649649259259e5b6c30c4210836c30df2df1d24b268782ac635aab565ab2ce6795e6dddab12d61861861f1cbbc7033ee4dbf2691185e21392493f91b2f9d4f564f7621e2145ef83697f3c6afabdcb930bea5fe24db392fd5bc2c1fcc97a6ddfb02d23d63fe24c7e4ee0fb634d3dcc46c30cd297cfddf3f736fa840df70804e00b7d436fb190d7d48fea4e795b72c0c3969b84e4933585df1a21d8b73f01b2cb2cb2c92c92c924f0cf00c31c042109b6f86d9e19224c3d86b5af9eacb2cb2cb3a3cdaf81b0c70a726e46fee03393beb217b8c71d1924b24f03cf27afcb2799d1f107f6c5b9307fb973f642358b465f5f531b7b9d241f9c938e90e439e0ce903c1ec670fd5e95b37a9c24c8658775e97b9cc76f8fbb6336faaff003c0300285f7f562f8d9b61cb1fdc7fcf111201f20fe2c370c9499ee5d3f8f02187edfa0cbf5e19ccb2cb2ce259259259649659e1bc1862107813781eef83d498d6318c7c31e0f901b0fbb0644c6b58e2c6f7c143150965382084934e0f24ab51871bbd364c9e1be39d4b24f5ccb3c865d5f7b86f77e6217fd5f5a3bfc7f88ddf64b6f10f8c9ed0cbded923c93f26d86c3a268e0fb78481bea37d2fa907d4d112256167389ee7127b4f7b283dc180fdfbd4585ed7d363fa917c851e79f10819d1cde4e4449f0f346ffb83f1e5964925924c4938f73c06186d883883106de6f9e732c9135ad6b1e0ccb2cee7bd98306c5a7eac2635ad665b6c43bbfeee433d487c3d4485c48964c7f13dc93d5927890c70efe2da13fef11018de012365112736637d32cb2592b1fca0658f12a89e43f8fd7b08d971b1c19c83f655e9949b0b087ac6f5c3d82fe09acbf4d91fcf1e583c819c627ec7ef06ccf8c97a591ea2e237b7f003fe751e79e19cc64b249249266596733cb6186210852106db63a4f5b0b26226318c492cb39b6db14a421336921226a6627061ea3ff37f65bfee066d79aca5ef817ec3d49b27e34b266642cf120c7a4e343ddaf796f2e4236b38e089198ff129bc564cfb0c9b5861eae24de5baf2167ef40fd913d4b1f52e866d9b7b488f8ca0dc7f88ba5dfe5f799361fb4e4367c4a425bc49fdf1cfeecb951a7c8fe537eaf7feac3ff0dbc3f1bc4b2c924b26649259ccf11b6d86d8828838e470db7c73c192492492cb3c36db7829085041b4498f2b132d861433963cb782c9b69c109321c786ed90b27f133bc799278ec328dfd45f2bd26bc04c04b3d4f0076dafebb1fd4c5949312245a4639164bb275d55f36758c641ed20ff005264300e39366fa6cbf77cb58dcf65ac1f7cf4fd236fb7a945f528b0a43e12859ece1a5fc5b29f641630e5edb7ea6218e1f8deb64964931896592796c36c3c6f073294a40718e37af1992c924b2de7b9f9df7d1b52c7093166f16b331e0c638e17f6f0d321db4f0b3e44353249f93249278e6f8962f7d2ff00f7617cfdb7f7bc0d8d96eccd6df7d17b1f565fa6fe14e74322de0e41985e8e0a88c4e3f64fc70c39bc33b0997eef97b60c3db7b47dc63c317a1492d8decb1e1fd8f5001a16ff002dfaaa913e9d76db0fe7799659649259249259278eb6f76db783814e6538136db78cccf76db7cf6db781474206cd9e04be431c1ecf0c0d737bd0f24c61e1bb25967e3cdb27ecf1f03ed953dbdcc72d60fdc51b24decb6997eaf7beac7d59bc5e16e31358ac4eba4b7e42c48fbe8907dd991d161968fac987b5f1f7cc13c0fa08ddccbed30b9cc14cded66f73dadbbeb8d9caa9eba47e57c92cb2c92492c924b2cb3c36de6db6e704d88529e09b6dbc667a5b6db6fe2d231d70326931c49cd87a797124e3af76dd5f761c1924fc89b64f9a7eecde5fdd7f7df2f77f6dfdd6a6da457c9dfab7fd5f6f5622406e965c1fb2dbc1c9781efc63208636dbd931f6f46187961fbb10987eef9fbbd7f6358df49c4c6d442f63ea7370bfa8bd93f5bfb789ae6df3e5e9664f9a0bfa0cc924f80dbf8df3cb2cb2cb2492493c33c3785b6f80dbd378db6db7ff00077c36398e03f2781c330c31d2fc6f55a1cd38633008bbbee4f527e3cb093dd927b6cf0a7ef30b2c88fdc7fcdfdd0faf769fb61fe61b36d7f442fead15cb25f528fcbdbf2fe926245b0c73de2754d1fd929f6cc1f72150487bc9c37c8796311fb909edf6be7ee23361f8707592e7cbddf216e11a72fee8bf9b1f8b7f6f1437b7db3ff537fbd46259659d3f13f8f26c92c92cb24f76772cf31b6deedb6db0dbff0091b21671b7a4e86590c3e04fca36d85fbde737c7813364fc8d921e1f4ff39fbd385c6d66be1eefecbfbba93f667ea60fa2c1f960bea0db2e3993cd8656221e0835fb98f4b07fd641ef094fd70724386531649ee4d31b6fa6cfd7107ecadc0b71f567bea4f8dbd1e0bc89f5bd5f6252cb8fa164ab2cf1dbd7fe1616492496496592733f26db6f361b61ee596367fe110c2f9c463ec832a4e0c324e705893edf67473f5cff00c590c4d2491b1fc696497eed3faaa49311072928c8e3b619ee6731b6fada4e3c8920f7eaf73ea1fe2cbe961f09b877dc2861b787a71f8332f6c564a2f6396270511272432f8fbb1c7601f4841bc1191fabef1c142750d4b6df643e4a7f9fd7f9881fcf67fbabccb24e199e3b0ffe133cc92cb2cb2cfc0fe23e44476c6b5e09ff0082627e5a24c623c18f033bc68bec7c329c736de24fe3799eed93ff009ef649249e7b964fb10c5c7f9922fe617f70fecc87e44c8dbe9840580ce6e9ee49a89df7c0ca732042ce3e47adb09fcc2c0f44e7eac6de2e7d9ecb09ccf6de85a19047c1bcff0036a8f8dea673663f4f0213da9114fae3fc26df5107b9259332cb3bb0ff00e133c4b2cb3b9239678a78e7488223b6b18b952edcd558fe772f6e4864e1930b0c9e1ab2f523ac84c32b49c9fc7925a27f008127b8596673dedac83c8eff00045fd5eafa46e7c86c263c068e41fa4bf42537d362ba597143c07234c36c83c18109693a362c1cbde4db1fd412161493ca5a0b24f727af71b9ac28f4f1018f27f193122f9297c6f8eff26d8dff007ffcf87d10c4269dcb38cb2cb1e1ff0081be2f7399dcf3cb1f1088820ed13fd2c6fc9123f89ad6318c796367e34248db066270618f0722f122e4928be436dea4fc9a37f21c9e04c9f01f7313f159b97ecd8121d92d8852c4de8f90b7d5fd1d8c4b39f385093a93209ae1bd7a2709a5a5e8f9b31224a20e7271f7309eef87bf97f7401eef4f0e83c5a54fa9bff87e91f08836c4203c338cb24b2c9f1db6db7cb79b6dbf85fc84410410593713cdac6318f031ad6b12cb567e0149cb6bd3c138430f8082f74eb2c896fb861924fc475ff93ff5e28862596590da9e72fed9b3ef30bfba19a6409031bfa90d727f7ea5fd2c671e3cc86d8c7f7c649307ec7cb7d8467f98c292120f0585c729d7d9ccf77b3eca4d6341e8e7a6cdac21c2c9f47bf8445faf5cfdefaacfa7af5cd89b0c31016dbd4b24b24b24fc5b6cf37bb6fe0cee4f9641104104164fbb24930990b09135ad7918d6b58c49b2cf3c60b46627461ede17ca11e646f6d2f70dbc4fc398193aa249319eedb0897a995fdd7f6bc813d483f637e1027cb6dc217eb898b1953a782bd7184263ab49f33e22cc5127a37e938fc950618ae407ece3f6f7fdbfb67bedd8e92163bfba8bf41d4a37bb61861b78187b96592709659659659671f2db6db6deef8be19659659041041041ddb6d97d7179bd43844d6bcac795a966c96793c7808c24e90c9b3f435e321f02513af521649678bf4537ea4e1bcf2249e2293137cdbfbd9ffb9af8ef10368c09f261f2759fea49ff0080b1e6c4ce16ca24e0fa751124fa50a6c2ec4df920fc9d2f727173f70ff6d8fd5bf9d7f2b7d286d5ac9dff008599354ea4aff3bac9be0abc6c30c310e1b0f3d7124b3c0659671964904fe5cb2cb3cb208840823bb3365f56fe06c9263c2f2b5e4c4b3cb0e084924e8c3e265af5107616f96c3c7cbd7fa4c1dfb19c4e8bc9332cee90c22fee9ff99bf999facbeb1dbd7ee18190617f53bfa2fe0bebeacdf96e67216708c86f89f7649d0c46c5f6deb060d896bf25d65383c17f99ff009b28ff00cb7a3ebb2e031268d184ff00442ff8dd1ff66750c2f4199d1083c1061b6df0cb2ce896596592596496596596596596593b659659659c1084083c565b5f0db5b5b6db7c7066238b4679589259e2f1e43a4843a30ca7e6dc016f0122cf9d251c26cf158bf70d86de64f8056b3399d321ec70dfdf7f65fdf1faf76df6d1f92a37f4418e136bea32e126fb26d9648ef458619c9ec78c832037a89a1e92ff006edabe4a3f56a4708bf99cf8d9feecf3594fdc7f3c55fee5a5ebb9d16b157bb62090f041b7c0b6cb1b1b3a3c1992718e99c258e32cb2cb20b38264104161c3cb5e6f8abc1b7c73844f2b5ed18ccb3c30e6b4849d1863c8701c49df631fc4e699096c3c4f5c1ecf192cb27dbcd85b2cdebdcf3c9a7c9ffae204b0b4b63d47efd5fd311cd366b02fdc45871383c2a3ddfb8651c587052f6663c4e7d91383c5bf9be5adea7b9efef427fd7c6d818807c3244335aa91b58830dbc109b6f36db6de659649659659659c3e40678a6470267e0df2dfcd964899af45a9249e0f1e43a492746194788ec9bcc1b6e928f0ce7b28273e22f90c7b927c02b5249fb3c399f783fabfb09bf925fe485876d8f91ebe9befe9bfa5b25fb1efc6795c497f11c38ade0f333d9f27c9c4163f1c8afdac3f4cbfa365bd5cbe47afb15daa5fddae9e901bd7526bc2d665b1c06d86d86db6deec36f7d797ae6596496596732cb3f0be3be23c7f16f73649f12a3124f04391ec924e8c30f90fbb783a3f0522e4f524187461e259c1f0e99259c5863dac6d2fedbfb382bfbbd070225bbeed0f5623837b5f520d95ee9adcb1e0fa898f7ac4c84a47ee5a18a44c6fcb0e248627adfe6f51fc2898f05e06bc5131af2b1f50f041b6db6db6db62db6db7cf3ff0b6d96db7c1e9e21659e79c3890f015ac492cf1add249e8c30c3c3dbe081d3e1d28efbefe68791cfdf1924b77a99ee49f6d97c6df713dfe0ae7cb5f71b09366e97dba19f2712590823e4f06cf489c4527f6566a2ed3dcc19e4f665f4ff6430c78980bbe09bea795ad66673638146db6d861b7cb6db79b6dbe7be1bcdb6d965b7f11c3f19c3a92788a24927736defa49e030c30c43c4bbbb1c75e346e8a69c13f12493d6249c62586c25f047e56e7d27cb7d422f7eb617f5900307bbd7e00a591f22612427a44912c7bf7ede91412dbd967eec35bff4b9b6c30d870380bbe1833c5af6deb631c0c36db0dbe5b6db6db6db6f96db6db6db6cb6fe0092cb3cf0b2cb2c2482ce65964c49f0283dc964f32bd37ea67a316c310f1286bd4dede2eff1017f1321b2124c70f0789249d416485f27ef072381dbfcb7f96f5db9f58b3eb6893e90ce8fabefea7cf85fe0bfacecb3df52635edd8249c7ee7fd32ba56071907ead9ea7b4f832ce8db0c43c00177d78bc58d6b7567358e04290e036f96db6db6db6db6db6db6db6db6dbcdb6cb3c0f04b2ce9659c6262596596596492492411736243aa5b492780c6f0619478022c84799c18c03500fe57c2fad1117ed7b9d431ee4b3c4f14989c1e0c90b0bd73dc3210ff007c7d5672fead8fbc7049297aafb64a6c3c1fa19c616593e231549c34be1e9620b669f37d6c823e8e62aceec30c41c45bfb2d603cf77bea135ad6b589673618e053de269f8b6db6db6db6db7beaf53ccb2cb3c4e0780265965964f0d5965964931e063e190493d41267bb6c6f08618f11d8227ec1eb45ff003e3fdb711294f8658efa917a863262bcfd5eb890b091c113c12cbd736c66bf9592fefbfba37eb6b9ee118123c85fd587c25fe2feb97b19964c5493a3c114957b9872c4cd12d49fd7dff9b48c4938ceec30c791143768f5e2489ad6b5af24b39b0a294b88cb2c93affe063636ad4cd42b2c608e6704cb2cb2ce659259d4b26093c80249e0e5fcb08ccf34e0da5b0f09b2781ca3db1eff00a25fd2ea0ab7d3d587ea752cfb7a4989cce9dcb26318f03126659258d8c2c326de0a4bcffbede580627893f890fd59fea635aab2039e7abd1c11e0a25965f3444905a33189dde6c314ed020c0bef31ea489ad6ae5cccb2ce8b10a51bd3671b2c9399f836db7c730b3a67819f972c9e892127904099c1cf2ce10db0db0ca3c08fb6ccee658ff19e014c9f7e482fa9bf4851f71ef8287b9e06f824c7a8c631cf114e2b7f65fd9c7fba0dfb6ec0b48dbfa9bfaa41f93fd78259c667a27d38a49d1d591cec474046c386599d1b6d8a4380a190604278e244f0b5ad5da91e7bb52145282d2f5659367e6c938cb22259659ccb2cb3996772cb2c9fb67319249210f020424e616fe1bcdb61e90e430f80ada38dff0034cff8c44fad3fb21f6467f716beac77d4afd126c849e44496cf0df06783049e007c35e19f24937802c89c4e5fc46159cdf538bebb8d6118fa4dc26b1e955b1c7fc1f1d64e4460cd664f362d88529c85041b4f3c26318c635399cd8e121c3d4b2cf2db6de1cc2cb2cb1b2cb2cf1cfc39659c66249c13c48924e2ce5f7a36c707836c30c43844a7009fc0f6303c3fedd02464dce147d3d592e12a671983a0e67c8e671893e9312124c4c9f9d1852f27ee0b847e0222c57d4db37f124b6492590e0c795e5c87fab27c35db586710b7a6631563d2de0a38514a50c060c25ea78584931ad6b572ac79ee14528605ea6492cb2ce3e01b4b6db7f067fe0b64924210f1001dcad39b0db1c1b787362210f4c988a6b4bde1b64705a5f7ea02fa661289b00e92da9f1db7a3ddf1259226248c9c79b92457b3e1fdf1ff0033a489d5eb6dfeedaae13f71cc1927d4935a924937e27f02492cf31121c04936f44f91b1083851ca70102da79613c5ad6b991b1e6b10a5d2f52712ce3e02906de1e59f8ce871e36492424f1003087806b870f511c3873783c32fe3b544cbe7ac67035beaca31180fdc019257e4f24f5f97b88b7ac62706b06609db38a64be1dff6db7b67126be06e36f28f05e2c76484c4783eafe024938d9e5b08e80d60cc6313badb6c42196210e118306c5a77798489ad631646f7c210e7a4e752ce1011084186dfc612789e3849c64919381c0c61c3dc23473586d86d6161e6bcd782edef4f429fe9cb04f76597c62037a634d2f43921b654a923e47da6b8ee17c5f1c1b6d6cb384e09b2a54c46c7830f8e91c3c70cdb7b46ce47fae6191130c92496ac2c4cfd9fe49b2c92cb2cf1d79a94e2a231e18c66736d2db618510a43a121030debc326375e0c6aaf76b10e3a67124b221084194bc72c38f0ebc7bbd3366c5bdc8490921da270f82c844e16f4e0f88fb2443f92e79e7b6713ddef3dc6bdcdb884ff00b99598f704e9fa97adedf21658f9e454c6b152a627453467de47c04cf7125a4e2779b27989a99382e72d90f65eeffc32789259249f84521f400c9b318c4bdf461e36214a4210852903136de64893358c6a7362149b6910618650f0708f1cf25b1fb91c5acff2bfcaff00363fbb05fd9177661b1e0463ee124f82c876621b61efbf1c9ff905edb2e6027bbe1ed8cc7dce25ae80b264bd81ac479c3ab89383d417cf56f8b24924c791ad48b723bcc1fb7aaf5fd62907dbd37dfca90ce1fe2797eef46ffb8e3c4b2cb24b2cf17bb08e881b37e5931896786db6db10a5380a21fde2948526f126bc8a9acce0c4c7088f2023f0ecb31f081ec99ae0a7687f68ddef0d842318c92788c3bdd8621e8f5607f70787b6c44425f3f76026e1fb1cdfc3dcf36fd0f7f0cf8664efeaf7c2df17884924ea791e23b1436cbfc5917f6bcb4cbdb80b7a2fe8ea2c279309ff00d8fe5f04e3e19e4f5e0d870356ed924c62671e6db6c36c759471c851c2701779935e1781999c3a3c01c2227cdedf09932b6b6b6b0b0b0c9930b3627f2bb3c0bf71f7a73feec766936d91eec11f08a096c5eb361e04106c02c1209192633d3ef89efc719f01f8cf449f470d2f42c9358f92701e0002e8ff00f8f3cf8bd7f3a66c71fb333c7f09c251110b264c47830204279fffc4001d110002020203010000000000000000000051605280415001407090ffda0008010201093f00df1f1d8af457a2bc28c85e0fc578ef8af85e0fa28d15e92f15e35642f46fa8df679a363be1785780bd85e2bd9f7b8fc73fffc4002f110001010605030205050000000000000001001021405051600211203041315253127113728182b2326170a1c1ffda0008010301093f009f7884fe91fdb1ef320a4ec14e0c320a4c4ec047259145c8c87b65851d21028208221802289688faae04a9e8161d393326944a324e4ca423a4b0b4a251b3dc11ccb0a36c382399472b5e8deacc91b63b06936cf8f0e833aaff00b20e30ff00427d55c88f25d3fed8fefb7b9c56f738b745a2e2467f69db0834208216678b0fe1b635842cbf18fc041842caf10fc2dee300047ee05bd5cc440b8858548332ce447d210cae91f487328ed8fa4392c28d89489cd12c016560f6ff001e738a10195725702567645bc1041041a245c17ce034493a80f8fe3111f5b7bc86de77ab193106c6e9f0dff35bc7f4b87b5bdd3d4eb7bae219e2f736f74c58411f27a464c16e75c0efb6dea4fe91f49f72a91f4d916a9764c23d90d25144302131fac88a1ace9130a3e465a7414514740b329b39692c28e90858fdbb834947602161d36ca7c00d1fffd9, 'Europa');
INSERT INTO `Nazione` (`nomeNazione`, `bandiera`, `nomeContinente`) VALUES
('Ivory Coast', NULL, 'Africa'),
('Jamaica', NULL, 'America Nord'),
('Japan', NULL, 'Asia'),
('Jordan', NULL, 'Asia'),
('Kazakhstan', NULL, 'Asia'),
('Kenya', NULL, 'Africa'),
('Kuwait', NULL, 'Asia'),
('Kyrgyzstan', NULL, 'Asia'),
('Laos', NULL, 'Asia'),
('Latvia', NULL, 'Europa'),
('Lebanon', NULL, 'Asia'),
('Lesotho', NULL, 'Africa'),
('Liberia', NULL, 'Africa'),
('Libya', NULL, 'Africa'),
('Liechtenstein', NULL, 'Europa'),
('Lithuania', NULL, 'Europa'),
('Luxembourg', NULL, 'Europa'),
('Macao', NULL, 'Asia'),
('Madagascar', NULL, 'Africa'),
('Malawi', NULL, 'Africa'),
('Malaysia', NULL, 'Asia'),
('Maldives', NULL, 'Asia'),
('Mali', NULL, 'Africa'),
('Malta', NULL, 'Europa'),
('Martinique', NULL, 'America Nord'),
('Mauritania', NULL, 'Africa'),
('Mauritius ', NULL, 'Africa'),
('Mayotte', NULL, 'Africa'),
('Mexico', NULL, 'America Nord'),
('Moldova', NULL, 'Europa'),
('Monaco', NULL, 'Europa'),
('Mongolia', NULL, 'Asia'),
('Montenegro', NULL, 'Europa'),
('Montserrat', NULL, 'America Nord'),
('Morocco', NULL, 'Africa'),
('Mozambique', NULL, 'Africa'),
('Myanmar', NULL, 'Asia'),
('Namibia', NULL, 'Africa'),
('Nepal', NULL, 'Asia'),
('Netherlands', NULL, 'Europa'),
('New Caledonia', NULL, 'Oceania'),
('New Zealand', NULL, 'Oceania'),
('Nicaragua', NULL, 'America Nord'),
('Niger', NULL, 'Africa'),
('Nigeria', NULL, 'Africa'),
('North Macedonia', NULL, 'Europa'),
('Norway', NULL, 'Europa'),
('Oman', NULL, 'Asia'),
('Pakistan', NULL, 'Asia'),
('Palestine', NULL, 'Asia'),
('Panama', NULL, 'America Nord'),
('Papua New Guinea', NULL, 'Oceania'),
('Paraguay', NULL, 'America Sud'),
('Peru', NULL, 'America Sud'),
('Philippines', NULL, 'Asia'),
('Poland', NULL, 'Europa'),
('Portugal', NULL, 'Europa'),
('Qatar', NULL, 'Asia'),
('Quatar', NULL, 'Asia'),
('Runion', NULL, 'Africa'),
('Romania', NULL, 'Europa'),
('Russia', NULL, 'Europa'),
('Rwanda', NULL, 'Africa'),
('S. Korea', NULL, 'Asia'),
('Saint Kitts and Nevis', NULL, 'America Nord'),
('Saint Lucia', NULL, 'America Nord'),
('Saint Martin', NULL, 'America Nord'),
('Saint Pierre Miquelon', NULL, 'America Nord'),
('San Marino', NULL, 'Europa'),
('Sao Tome and Principe', NULL, 'Africa'),
('Saudi Arabia', NULL, 'Asia'),
('Senegal', NULL, 'Africa'),
('Serbia', NULL, 'Europa'),
('Seychelles', NULL, 'Africa'),
('Sierra Leone', NULL, 'Africa'),
('Singapore', NULL, 'Asia'),
('Sint Maarten', NULL, 'America Nord'),
('Slovakia', NULL, 'Europa'),
('Slovenia', NULL, 'Europa'),
('Somalia', NULL, 'Africa'),
('South Africa', NULL, 'Africa'),
('South Sudan', NULL, 'Africa'),
('Spain', NULL, 'Europa'),
('Sri Lanka', NULL, 'Asia'),
('St. Barth', NULL, 'America Nord'),
('St. Vincent Grenadines', NULL, 'America Nord'),
('Sudan', NULL, 'Africa'),
('Suriname', NULL, 'America Sud'),
('Sweden', NULL, 'Europa'),
('Switzerland', NULL, 'Europa'),
('Syria', NULL, 'Asia'),
('Taiwan', NULL, 'Asia'),
('Tajikistan', NULL, 'Asia'),
('Tanzania', NULL, 'Africa'),
('Thailand', NULL, 'Asia'),
('Timor-Leste', NULL, 'Asia'),
('Togo', NULL, 'Africa'),
('Trinidad and Tobago', NULL, 'America Nord'),
('Tunisia', NULL, 'Africa'),
('Turkey', NULL, 'Asia'),
('Turks and Caicos', NULL, 'America Nord'),
('UAE', NULL, 'Asia'),
('Uganda', NULL, 'Africa'),
('UK', NULL, 'Europa'),
('Ukraine', NULL, 'Europa'),
('Uruguay', NULL, 'America Sud'),
('USA', NULL, 'America Nord'),
('Uzbekistan', NULL, 'Asia'),
('Vatican City', NULL, 'Europa'),
('Venezuela', NULL, 'America Sud'),
('Vietnam', NULL, 'Asia'),
('Western Sahara', NULL, 'Africa'),
('Yemen', NULL, 'Asia'),
('Zambia', NULL, 'Africa'),
('Zimbabwe ', NULL, 'Africa');

-- --------------------------------------------------------

--
-- Struttura della tabella `Notizia`
--

CREATE TABLE `Notizia` (
  `titolo` varchar(100) NOT NULL,
  `idNotizia` int(11) NOT NULL,
  `data` varchar(50) NOT NULL,
  `link` varchar(100) NOT NULL,
  `descrizione` varchar(200) NOT NULL,
  `immagine` varchar(100) DEFAULT NULL,
  `nomeContinente` varchar(50) DEFAULT NULL
) ENGINE=InnoDB DEFAULT CHARSET=utf8;

--
-- Dump dei dati per la tabella `Notizia`
--

INSERT INTO `Notizia` (`titolo`, `idNotizia`, `data`, `link`, `descrizione`, `immagine`, `nomeContinente`) VALUES
('p', 5, 'p', 'p', 'p', 'p', 'Europa'),
('p', 6, 'p', 'p', 'p', 'p', 'Europa');

-- --------------------------------------------------------

--
-- Struttura della tabella `Regione`
--

CREATE TABLE `Regione` (
  `nomeRegione` varchar(50) NOT NULL,
  `nContagiTot` int(11) DEFAULT NULL,
  `nMorti` int(11) DEFAULT NULL,
  `nGuariti` int(11) DEFAULT NULL,
  `nInfettiAttivi` int(11) DEFAULT NULL,
  `nNuoviCasi` int(11) DEFAULT NULL,
  `nTest` int(11) DEFAULT NULL,
  `nomeNazione` varchar(50) NOT NULL
) ENGINE=InnoDB DEFAULT CHARSET=utf8;

--
-- Dump dei dati per la tabella `Regione`
--

INSERT INTO `Regione` (`nomeRegione`, `nContagiTot`, `nMorti`, `nGuariti`, `nInfettiAttivi`, `nNuoviCasi`, `nTest`, `nomeNazione`) VALUES
('Abruzzo', 3237, 404, 2063, 770, 0, 73301, 'Italy'),
('Afghanistan', 13659, 246, 1259, 12154, 623, 35923, 'Afghanistan'),
('Albania', 1099, 33, 851, 215, 23, 14269, 'Albania'),
('Algeria', 9134, 638, 5422, 3074, 137, 0, 'Algeria'),
('Andorra', 764, 51, 684, 29, 1, 3750, 'Andorra'),
('Angola', 81, 4, 18, 59, 7, 10000, 'Angola'),
('Anguilla', 3, 0, 3, 0, 0, 41, 'Anguilla'),
('Antigua and Barbuda', 25, 3, 19, 3, 0, 183, 'Antigua and Barbuda'),
('Argentina', 14702, 510, 4788, 9404, 0, 150486, 'Argentina'),
('Armenia', 8676, 120, 3297, 5259, 460, 56042, 'Armenia'),
('Aruba', 101, 3, 98, 0, 0, 2105, 'Aruba'),
('Australia', 7173, 103, 6582, 488, 23, 1397622, 'Australia'),
('Austria', 16655, 668, 15347, 640, 27, 434302, 'Austria'),
('Azerbaijan', 4989, 58, 3125, 1806, 230, 284669, 'Azerbaijan'),
('Bahamas', 101, 11, 47, 43, 1, 2050, 'Bahamas'),
('Bahrain', 10449, 15, 5700, 4734, 397, 304179, 'Bahrain'),
('Bangladesh', 42844, 582, 9015, 33247, 2523, 287067, 'Bangladesh'),
('Barbados', 92, 7, 76, 9, 0, 5201, 'Barbados'),
('Basilicata', 399, 27, 339, 33, 0, 28909, 'Italy'),
('Belarus', 40764, 224, 17390, 23150, 906, 512418, 'Belarus'),
('Belgium', 58061, 9430, 15682, 32949, 212, 836879, 'Belgium'),
('Belize', 18, 2, 16, 0, 0, 1572, 'Belize'),
('Benin', 224, 3, 136, 85, 14, 30817, 'Benin'),
('Bermuda', 140, 9, 92, 39, 0, 6941, 'Bermuda'),
('Bhutan', 31, 0, 6, 25, 0, 16547, 'Bhutan'),
('Bolivia', 8387, 293, 738, 7356, 619, 22294, 'Bolivia'),
('Bosnia and Herzegovina', 2485, 153, 1803, 529, 23, 63596, 'Bosnia and Herzegovina'),
('Botswana', 35, 1, 20, 14, 0, 17991, 'Botswana'),
('Brazil', 466200, 27923, 193181, 245096, 27388, 871839, 'Brazil'),
('British Virgin Islands', 8, 1, 7, 0, 0, 167, 'British Virgin Islands'),
('Brunei ', 141, 2, 138, 1, 0, 18962, 'Brunei '),
('Bulgaria', 2485, 136, 1016, 1333, 8, 79389, 'Bulgaria'),
('Burkina Faso', 847, 53, 720, 74, 0, 0, 'Burkina Faso'),
('Burundi', 42, 1, 20, 21, 0, 284, 'Burundi'),
('Cabo Verde', 405, 4, 155, 246, 15, 1307, 'Cabo Verde'),
('Calabria', 1158, 97, 902, 159, 0, 68131, 'Italy'),
('Cambodia', 124, 0, 122, 2, 0, 19457, 'Cambodia'),
('Cameroon', 5436, 177, 3326, 1933, 0, 0, 'Cameroon'),
('Campania', 4787, 411, 3390, 986, 10, 193669, 'Italy'),
('Canada', 89390, 6979, 47443, 34968, 878, 1593377, 'Canada'),
('CAR', 874, 1, 23, 850, 119, 14557, 'CAR'),
('Caribbean Netherlands', 6, 0, 6, 0, 0, 424, 'Caribbean Netherlands'),
('Cayman Islands', 141, 1, 68, 72, 1, 11139, 'Cayman Islands'),
('Chad', 759, 65, 444, 250, 33, 0, 'Chad'),
('Channel Islands', 560, 45, 512, 3, 0, 10255, 'Channel Islands'),
('Chile', 90638, 944, 38598, 51096, 3695, 546506, 'Chile'),
('China', 82995, 4634, 78291, 70, 0, 0, 'China'),
('Colombia', 26688, 853, 6913, 18922, 1322, 283346, 'Colombia'),
('Comoros', 87, 2, 24, 61, 0, 0, 'Comoros'),
('Congo', 571, 19, 161, 391, 0, 0, 'Congo'),
('Costa Rica', 1022, 10, 653, 359, 22, 25503, 'Costa Rica'),
('Croatia', 2245, 103, 2059, 83, 0, 65509, 'Croatia'),
('Cuba', 2005, 82, 1760, 163, 22, 101108, 'Cuba'),
('Cura&ccedil;ao', 18, 1, 14, 3, 0, 572, 'Cura&ccedil;ao'),
('Cyprus', 942, 17, 784, 141, 1, 111270, 'Cyprus'),
('Czechia', 9180, 319, 6498, 2363, 40, 430564, 'Czechia'),
('Denmark', 11593, 568, 10240, 785, 81, 606574, 'Denmark'),
('Diamond Princess ', 712, 13, 651, 48, 0, 0, 'Diamond Princess '),
('Djibouti', 2914, 20, 1241, 1653, 0, 25257, 'Djibouti'),
('Dominica', 16, 0, 16, 0, 0, 433, 'Dominica'),
('Dominican Republic', 16531, 488, 9266, 6777, 463, 76930, 'Dominican Republic'),
('DRC', 2833, 69, 400, 2364, 173, 0, 'DRC'),
('Ecuador', 38571, 3334, 19190, 16047, 100, 113808, 'Ecuador'),
('Egypt', 22082, 879, 5511, 15692, 1289, 135000, 'Egypt'),
('El Salvador', 2278, 42, 1015, 1221, 84, 84650, 'El Salvador'),
('Emilia-Romagna', 27739, 4102, 20073, 3564, 38, 316909, 'Italy'),
('Equatorial Guinea', 1306, 12, 200, 1094, 263, 854, 'Equatorial Guinea'),
('Eritrea', 39, 0, 39, 0, 0, 0, 'Eritrea'),
('Estonia', 1859, 67, 1610, 182, 8, 81719, 'Estonia'),
('Eswatini', 279, 2, 168, 109, 0, 4994, 'Eswatini'),
('Ethiopia', 968, 8, 197, 763, 137, 101581, 'Ethiopia'),
('Faeroe Islands', 187, 0, 187, 0, 0, 9568, 'Faeroe Islands'),
('Falkland Islands', 13, 0, 13, 0, 0, 503, 'Falkland Islands'),
('Fiji', 18, 0, 15, 3, 0, 2431, 'Fiji'),
('Finland', 6776, 314, 5500, 962, 33, 179400, 'Finland'),
('France', 186835, 28714, 67803, 90318, 597, 1384633, 'France'),
('French Guiana', 450, 1, 172, 277, 14, 0, 'French Guiana'),
('French Polynesia', 60, 0, 60, 0, 0, 4006, 'French Polynesia'),
('Friuli Venezia Giulia', 3267, 333, 2611, 323, 5, 130838, 'Italy'),
('Gabon', 2613, 15, 709, 1889, 182, 13833, 'Gabon'),
('Gambia', 25, 1, 19, 5, 0, 1730, 'Gambia'),
('Georgia', 746, 12, 576, 158, 8, 53618, 'Georgia'),
('Germany', 183019, 8594, 164100, 10325, 567, 3952971, 'Germany'),
('Ghana', 7616, 34, 2421, 5161, 313, 208328, 'Ghana'),
('Gibraltar', 161, 0, 148, 13, 3, 7315, 'Gibraltar'),
('Greece', 2909, 175, 1374, 1360, 3, 174844, 'Greece'),
('Greenland', 13, 0, 11, 2, 0, 2030, 'Greenland'),
('Grenada', 23, 0, 18, 5, 0, 3007, 'Grenada'),
('Guadeloupe', 161, 14, 115, 32, 0, 3573, 'Guadeloupe'),
('Guatemala', 4348, 80, 565, 3703, 203, 31427, 'Guatemala'),
('Guinea', 3656, 22, 2000, 1634, 103, 14407, 'Guinea'),
('Guinea-Bissau', 1256, 8, 42, 1206, 61, 1500, 'Guinea-Bissau'),
('Guyana', 150, 11, 67, 72, 0, 1559, 'Guyana'),
('Haiti', 1443, 35, 22, 1386, 123, 3475, 'Haiti'),
('Honduras', 4752, 196, 519, 4037, 112, 14790, 'Honduras'),
('Hong Kong', 1080, 4, 1035, 41, 13, 202930, 'Hong Kong'),
('Hungary', 3841, 517, 2024, 1300, 25, 180152, 'Hungary'),
('Iceland', 1805, 10, 1794, 1, 0, 60491, 'Iceland'),
('India', 173491, 4980, 82627, 85884, 8105, 3483838, 'India'),
('Indonesia', 25216, 1520, 6492, 17204, 678, 300545, 'Indonesia'),
('Iran', 146668, 7677, 114931, 24060, 2819, 896571, 'Iran'),
('Iraq', 5873, 185, 3044, 2644, 416, 211485, 'Iraq'),
('Ireland', 24876, 1645, 22089, 1142, 35, 325795, 'Ireland'),
('Isle of Man', 336, 24, 309, 3, 0, 4756, 'Isle of Man'),
('Israel', 16987, 284, 14776, 1927, 115, 565311, 'Israel'),
('Ivory Coast', 2750, 32, 1370, 1348, 109, 26548, 'Ivory Coast'),
('Jamaica', 569, 9, 284, 276, 0, 11460, 'Jamaica'),
('Japan', 16719, 874, 14254, 1591, 36, 284763, 'Japan'),
('Jordan', 730, 9, 507, 214, 2, 180119, 'Jordan'),
('Kazakhstan', 9932, 37, 5057, 4838, 356, 761727, 'Kazakhstan'),
('Kenya', 1745, 62, 438, 1245, 127, 74003, 'Kenya'),
('Kuwait', 25184, 194, 9273, 15717, 1072, 282341, 'Kuwait'),
('Kyrgyzstan', 1662, 16, 1088, 558, 68, 109521, 'Kyrgyzstan'),
('Laos', 19, 0, 16, 3, 0, 6141, 'Laos'),
('Latvia', 1064, 24, 745, 295, 3, 106931, 'Latvia'),
('Lazio', 7709, 721, 3825, 3163, 16, 249267, 'Italy'),
('Lebanon', 1172, 26, 705, 441, 4, 80239, 'Lebanon'),
('Lesotho', 2, 0, 1, 1, 0, 283, 'Lesotho'),
('Liberia', 273, 27, 146, 100, 4, 0, 'Liberia'),
('Libya', 118, 5, 41, 72, 13, 5154, 'Libya'),
('Liechtenstein', 82, 1, 55, 26, 0, 900, 'Liechtenstein'),
('Liguria', 9619, 1452, 7173, 994, 14, 102173, 'Italy'),
('Lithuania', 1662, 68, 1216, 378, 6, 294091, 'Lithuania'),
('Lombardia', 88537, 16012, 49842, 22683, 354, 727146, 'Italy'),
('Luxembourg', 4012, 110, 3815, 87, 4, 72996, 'Luxembourg'),
('Macao', 45, 0, 45, 0, 0, 0, 'Macao'),
('Madagascar', 698, 5, 164, 529, 42, 10249, 'Madagascar'),
('Malawi', 203, 4, 42, 157, 0, 3372, 'Malawi'),
('Malaysia', 7732, 115, 6235, 1382, 103, 519944, 'Malaysia'),
('Maldives', 1591, 5, 197, 1389, 78, 11775, 'Maldives'),
('Mali', 1226, 73, 669, 484, 32, 3483, 'Mali'),
('Malta', 616, 9, 514, 93, 0, 66664, 'Malta'),
('Marche', 6723, 986, 4385, 1352, 4, 101389, 'Italy'),
('Martinique', 197, 14, 91, 92, 0, 0, 'Martinique'),
('Mauritania', 423, 20, 21, 382, 77, 2583, 'Mauritania'),
('Mauritius', 335, 10, 322, 3, 1, 114236, 'Mauritius'),
('Mayotte', 1699, 21, 1385, 293, 29, 5200, 'Mayotte'),
('Mexico', 81400, 9044, 56638, 15718, 3377, 244858, 'Mexico'),
('Moldova', 7896, 288, 4278, 3330, 171, 40565, 'Moldova'),
('Molise', 436, 22, 252, 162, 1, 14109, 'Italy'),
('Monaco', 98, 4, 90, 4, 0, 0, 'Monaco'),
('Mongolia', 179, 0, 43, 136, 18, 13594, 'Mongolia'),
('Montenegro', 324, 9, 315, 0, 0, 10167, 'Montenegro'),
('Montserrat', 11, 1, 10, 0, 0, 36, 'Montserrat'),
('Morocco', 7714, 202, 5271, 2241, 71, 190061, 'Morocco'),
('Mozambique', 234, 2, 84, 148, 1, 10001, 'Mozambique'),
('MS Zaandam ', 9, 2, 0, 7, 0, 0, 'MS Zaandam '),
('Myanmar', 207, 6, 130, 71, 1, 23951, 'Myanmar'),
('Namibia', 23, 0, 14, 9, 1, 3412, 'Namibia'),
('Nepal', 1212, 6, 206, 1000, 170, 169632, 'Nepal'),
('Netherlands', 46126, 5931, 0, 0, 176, 348256, 'Netherlands'),
('New Caledonia', 19, 0, 18, 1, 0, 6416, 'New Caledonia'),
('New Zealand', 1504, 22, 1481, 1, 0, 275852, 'New Zealand'),
('Nicaragua', 759, 35, 370, 354, 0, 0, 'Nicaragua'),
('Niger', 955, 64, 813, 78, 0, 6020, 'Niger'),
('Nigeria', 9302, 261, 2697, 6344, 387, 58726, 'Nigeria'),
('North Macedonia', 2129, 126, 1516, 487, 52, 27684, 'North Macedonia'),
('Norway', 8422, 236, 7727, 459, 11, 245352, 'Norway'),
('Oman', 9820, 40, 2396, 7384, 811, 72000, 'Oman'),
('P.A. Bolzano', 2595, 291, 2150, 154, 0, 64105, 'Italy'),
('P.A. Trento', 4428, 462, 3556, 410, 3, 84805, 'Italy'),
('Pakistan', 64028, 1317, 22305, 40406, 2801, 520017, 'Pakistan'),
('Palestine', 446, 3, 368, 75, 0, 44876, 'Palestine'),
('Panama', 12131, 320, 7379, 4432, 0, 63202, 'Panama'),
('Papua New Guinea', 8, 0, 8, 0, 0, 2402, 'Papua New Guinea'),
('Paraguay', 917, 11, 413, 493, 17, 28337, 'Paraguay'),
('Peru', 148285, 4230, 62791, 81264, 6506, 963617, 'Peru'),
('Philippines', 16634, 942, 3720, 11972, 1046, 332689, 'Philippines'),
('Piemonte', 30501, 3851, 20992, 5658, 56, 309497, 'Italy'),
('Poland', 23155, 1051, 10692, 11412, 330, 873456, 'Poland'),
('Portugal', 31946, 1383, 18911, 11652, 350, 795838, 'Portugal'),
('Puglia', 4482, 500, 2699, 1283, 1, 114588, 'Italy'),
('Qatar', 52907, 36, 20604, 32267, 1993, 212897, 'Qatar'),
('R&eacute;union', 470, 1, 411, 58, 5, 17200, 'R&eacute;union'),
('Romania', 18982, 1248, 12829, 4905, 191, 421451, 'Romania'),
('Russia', 387623, 4374, 159257, 223992, 8572, 10000061, 'Russia'),
('Rwanda', 355, 0, 247, 108, 6, 65608, 'Rwanda'),
('S. Korea', 11402, 269, 10363, 770, 58, 885120, 'S. Korea'),
('Saint Kitts and Nevis', 15, 0, 15, 0, 0, 394, 'Saint Kitts and Nevis'),
('Saint Lucia', 18, 0, 18, 0, 0, 1012, 'Saint Lucia'),
('Saint Martin', 40, 3, 33, 4, 0, 553, 'Saint Martin'),
('Saint Pierre Miquelon', 1, 0, 1, 0, 0, 0, 'Saint Pierre Miquelon'),
('San Marino', 671, 42, 344, 285, 1, 4382, 'San Marino'),
('Sao Tome and Principe', 463, 12, 68, 383, 5, 175, 'Sao Tome and Principe'),
('Sardegna', 1356, 130, 1036, 190, 1, 55831, 'Italy'),
('Saudi Arabia', 81766, 458, 57013, 24295, 1581, 787465, 'Saudi Arabia'),
('Senegal', 3429, 41, 1738, 1650, 81, 39499, 'Senegal'),
('Serbia', 11354, 242, 6524, 4588, 54, 239234, 'Serbia'),
('Seychelles', 11, 0, 11, 0, 0, 0, 'Seychelles'),
('Sicilia', 3440, 272, 2031, 1137, 2, 145979, 'Italy'),
('Sierra Leone', 829, 45, 386, 398, 17, 0, 'Sierra Leone'),
('Singapore', 33860, 23, 19631, 14206, 611, 334691, 'Singapore'),
('Sint Maarten', 77, 15, 60, 2, 0, 438, 'Sint Maarten'),
('Slovakia', 1520, 28, 1338, 154, 0, 167562, 'Slovakia'),
('Slovenia', 1473, 108, 1357, 8, 0, 79284, 'Slovenia'),
('Somalia', 1828, 72, 310, 1446, 0, 0, 'Somalia'),
('South Africa', 29240, 611, 15093, 13536, 1837, 680175, 'South Africa'),
('South Sudan', 994, 10, 6, 978, 0, 3356, 'South Sudan'),
('Spain', 285644, 27121, 196958, 61565, 658, 3556567, 'Spain'),
('Sri Lanka', 1558, 10, 754, 794, 28, 60878, 'Sri Lanka'),
('St. Barth', 6, 0, 6, 0, 0, 137, 'St. Barth'),
('St. Vincent Grenadines', 25, 0, 14, 11, 0, 472, 'St. Vincent Grenadines'),
('Sudan', 4521, 233, 816, 3472, 175, 401, 'Sudan'),
('Suriname', 12, 1, 9, 2, 0, 782, 'Suriname'),
('Sweden', 36476, 4350, 4971, 27155, 749, 238800, 'Sweden'),
('Switzerland', 30828, 1919, 28300, 609, 32, 390697, 'Switzerland'),
('Syria', 122, 4, 43, 75, 0, 0, 'Syria'),
('Taiwan', 442, 7, 420, 15, 1, 71750, 'Taiwan'),
('Tajikistan', 3686, 47, 1769, 1870, 123, 0, 'Tajikistan'),
('Tanzania', 509, 21, 183, 305, 0, 0, 'Tanzania'),
('Thailand', 3076, 57, 2945, 74, 11, 375453, 'Thailand'),
('Timor-Leste', 24, 0, 24, 0, 0, 1290, 'Timor-Leste'),
('Togo', 428, 13, 202, 213, 6, 19162, 'Togo'),
('Toscana', 10088, 1031, 7802, 1255, 2, 246052, 'Italy'),
('Trinidad and Tobago', 116, 8, 108, 0, 0, 3115, 'Trinidad and Tobago'),
('Tunisia', 1071, 48, 946, 77, 3, 50380, 'Tunisia'),
('Turkey', 162120, 4489, 125963, 31668, 1141, 1964364, 'Turkey'),
('Turks and Caicos', 12, 1, 10, 1, 0, 129, 'Turks and Caicos'),
('UAE', 33170, 260, 17097, 15813, 638, 2110493, 'UAE'),
('Uganda', 329, 0, 72, 257, 12, 93062, 'Uganda'),
('UK', 271222, 38161, 0, 0, 2095, 4043686, 'UK'),
('Ukraine', 22811, 679, 8934, 13198, 429, 337318, 'Ukraine'),
('Umbria', 1431, 76, 1324, 31, 0, 68773, 'Italy'),
('Uruguay', 811, 22, 654, 135, 0, 41469, 'Uruguay'),
('USA', 1792557, 104516, 519095, 1168946, 24096, 16787013, 'USA'),
('Uzbekistan', 3468, 14, 2728, 726, 24, 460000, 'Uzbekistan'),
('Valle d&#39;Aosta', 1182, 143, 1020, 19, 0, 14759, 'Italy'),
('Vatican City', 12, 0, 2, 10, 0, 0, 'Vatican City'),
('Veneto', 19134, 1906, 15379, 1849, 9, 645049, 'Italy'),
('Venezuela', 1327, 11, 302, 1014, 2, 897695, 'Venezuela'),
('Vietnam', 327, 0, 279, 48, 0, 275000, 'Vietnam'),
('Western Sahara', 9, 1, 6, 2, 0, 0, 'Western Sahara'),
('Yemen', 283, 65, 11, 207, 5, 120, 'Yemen'),
('Zambia', 1057, 7, 779, 271, 0, 24275, 'Zambia'),
('Zimbabwe', 149, 4, 28, 117, 0, 37039, 'Zimbabwe');

--
-- Indici per le tabelle scaricate
--

--
-- Indici per le tabelle `Continente`
--
ALTER TABLE `Continente`
  ADD PRIMARY KEY (`nomeContinente`);

--
-- Indici per le tabelle `Nazione`
--
ALTER TABLE `Nazione`
  ADD PRIMARY KEY (`nomeNazione`),
  ADD KEY `NomeContinente` (`nomeContinente`);

--
-- Indici per le tabelle `Notizia`
--
ALTER TABLE `Notizia`
  ADD PRIMARY KEY (`idNotizia`),
  ADD KEY `NomeContinente` (`nomeContinente`);

--
-- Indici per le tabelle `Regione`
--
ALTER TABLE `Regione`
  ADD PRIMARY KEY (`nomeRegione`),
  ADD KEY `NomeNazione` (`nomeNazione`);

--
-- AUTO_INCREMENT per le tabelle scaricate
--

--
-- AUTO_INCREMENT per la tabella `Notizia`
--
ALTER TABLE `Notizia`
  MODIFY `idNotizia` int(11) NOT NULL AUTO_INCREMENT, AUTO_INCREMENT=7;

--
-- Limiti per le tabelle scaricate
--

--
-- Limiti per la tabella `Notizia`
--
ALTER TABLE `Notizia`
  ADD CONSTRAINT `Notizia_ibfk_1` FOREIGN KEY (`nomeContinente`) REFERENCES `Continente` (`nomeContinente`);
COMMIT;

/*!40101 SET CHARACTER_SET_CLIENT=@OLD_CHARACTER_SET_CLIENT */;
/*!40101 SET CHARACTER_SET_RESULTS=@OLD_CHARACTER_SET_RESULTS */;
/*!40101 SET COLLATION_CONNECTION=@OLD_COLLATION_CONNECTION */;
